Workbook

Sheet DataSekolah dan Kecamatan
C1: Data Nama Sekolah, Alokasi dana BOS dan Sarpas dan Kumlah Siswa Per-Kecamatan
C3: No | D3: Arjawinangun | I3: Astanajapura | N3: Babakan | S3: Beber | X3: Ciledug | AC3: Ciwaringin | AH3: Depok | AM3: Dukupuntang | AR3: Gebang | AW3: Gegesik | BB3: Gempol | BG3: Greged | BL3: Gunungjati | BQ3: Jamblang | BV3: Kaliwedi | CA3: Kapetakan | CF3: Karangsembung | CK3: Karangwareng | CP3: Kedawung | CU3: Klangenan | CZ3: Lemahabang | DE3: Losari | DJ3: Mundu | DO3: Pabedilan | DT3: Pabuaran | DY3: Palimanan | ED3: Pangenan | EI3: Panguragan | EN3: Pasaleman | ES3: Plered | EX3: Plumbon | FC3: Sedong | FH3: Sumber | FM3: Suranenggala | FR3: Susukan | FW3: Susukan Lebak | GB3: Talun | GG3: Tengahtani | GL3: Waled | GQ3: Weru
D4: NPSN | E4: Nama Sekolah | F4: Pagu | G4: Jumlah Siswa | H4: Dana Sarpas | I4: NPSN | J4: Nama Sekolah | K4: Pagu | L4: Jumlah Siswa | M4: Dana Sarpas | N4: NPSN | O4: Nama Sekolah | P4: Pagu | Q4: Jumlah Siswa | R4: Dana Sarpas | S4: NPSN | T4: Nama Sekolah | U4: Pagu | V4: Jumlah Siswa | W4: Dana Sarpas | X4: NPSN | Y4: Nama Sekolah | Z4: Pagu | AA4: Jumlah Siswa | AB4: Dana Sarpas | AC4: NPSN | AD4: Nama Sekolah | AE4: Pagu | AF4: Jumlah Siswa | AG4: Dana Sarpas | AH4: NPSN | AI4: Nama Sekolah | AJ4: Pagu | AK4: Jumlah Siswa | AL4: Dana Sarpas | AM4: NPSN | AN4: Nama Sekolah | AO4: Pagu | AP4: Jumlah Siswa | AQ4: Dana Sarpas | AR4: NPSN | AS4: Nama Sekolah | AT4: Pagu | AU4: Jumlah Siswa | AV4: Dana Sarpas | AW4: NPSN | AX4: Nama Sekolah | AY4: Pagu | AZ4: Jumlah Siswa | BA4: Dana Sarpas | BB4: NPSN | BC4: Nama Sekolah | BD4: Pagu | BE4: Jumlah Siswa | BF4: Dana Sarpas | BG4: NPSN | BH4: Nama Sekolah | BI4: Pagu | BJ4: Jumlah Siswa | BK4: Dana Sarpas | BL4: NPSN | BM4: Nama Sekolah | BN4: Pagu | BO4: Jumlah Siswa | BP4: Dana Sarpas | BQ4: NPSN | BR4: Nama Sekolah | BS4: Pagu | BT4: Jumlah Siswa | BU4: Dana Sarpas | BV4: NPSN | BW4: Nama Sekolah | BX4: Pagu | BY4: Jumlah Siswa | BZ4: Dana Sarpas | CA4: NPSN | CB4: Nama Sekolah | CC4: Pagu | CD4: Jumlah Siswa | CE4: Dana Sarpas | CF4: NPSN | CG4: Nama Sekolah | CH4: Pagu | CI4: Jumlah Siswa | CJ4: Dana Sarpas | CK4: NPSN | CL4: Nama Sekolah | CM4: Pagu | CN4: Jumlah Siswa | CO4: Dana Sarpas | CP4: NPSN | CQ4: Nama Sekolah | CR4: Pagu | CS4: Jumlah Siswa | CT4: Dana Sarpas | CU4: NPSN | CV4: Nama Sekolah | CW4: Pagu | CX4: Jumlah Siswa | CY4: Dana Sarpas | CZ4: NPSN | DA4: Nama Sekolah | DB4: Pagu | DC4: Jumlah Siswa | DD4: Dana Sarpas | DE4: NPSN | DF4: Nama Sekolah | DG4: Pagu | DH4: Jumlah Siswa | DI4: Dana Sarpas | DJ4: NPSN | DK4: Nama Sekolah | DL4: Pagu | DM4: Jumlah Siswa | DN4: Dana Sarpas | DO4: NPSN | DP4: Nama Sekolah | DQ4: Pagu | DR4: Jumlah Siswa | DS4: Dana Sarpas | DT4: NPSN | DU4: Nama Sekolah | DV4: Pagu | DW4: Jumlah Siswa | DX4: Dana Sarpas | DY4: NPSN | DZ4: Nama Sekolah | EA4: Pagu | EB4: Jumlah Siswa | EC4: Dana Sarpas | ED4: NPSN | EE4: Nama Sekolah | EF4: Pagu | EG4: Jumlah Siswa | EH4: Dana Sarpas | EI4: NPSN | EJ4: Nama Sekolah | EK4: Pagu | EL4: Jumlah Siswa | EM4: Dana Sarpas | EN4: NPSN | EO4: Nama Sekolah | EP4: Pagu | EQ4: Jumlah Siswa | ER4: Dana Sarpas | ES4: NPSN | ET4: Nama Sekolah | EU4: Pagu | EV4: Jumlah Siswa | EW4: Dana Sarpas | EX4: NPSN | EY4: Nama Sekolah | EZ4: Pagu | FA4: Jumlah Siswa | FB4: Dana Sarpas | FC4: NPSN | FD4: Nama Sekolah | FE4: Pagu | FF4: Jumlah Siswa | FG4: Dana Sarpas | FH4: NPSN | FI4: Nama Sekolah | FJ4: Pagu | FK4: Jumlah Siswa | FL4: Dana Sarpas | FM4: NPSN | FN4: Nama Sekolah | FO4: Pagu | FP4: Jumlah Siswa | FQ4: Dana Sarpas | FR4: NPSN | FS4: Nama Sekolah | FT4: Pagu | FU4: Jumlah Siswa | FV4: Dana Sarpas | FW4: NPSN | FX4: Nama Sekolah | FY4: Pagu | FZ4: Jumlah Siswa | GA4: Dana Sarpas | GB4: NPSN | GC4: Nama Sekolah | GD4: Pagu | GE4: Jumlah Siswa | GF4: Dana Sarpas | GG4: NPSN | GH4: Nama Sekolah | GI4: Pagu | GJ4: Jumlah Siswa | GK4: Dana Sarpas | GL4: NPSN | GM4: Nama Sekolah | GN4: Pagu | GO4: Jumlah Siswa | GP4: Dana Sarpas | GQ4: NPSN | GR4: Nama Sekolah | GS4: Pagu | GT4: Jumlah Siswa | GU4: Dana Sarpas
C5: 1 | D5: 20215393 | E5: SD NEGERI 2 KARANGSAMBUNG | F5: 79120000 | G5: =F5/920000 -> 86 | H5: =F5*20% -> 15824000 | I5: 20215439 | J5: SD NEGERI 2 KANCI | K5: 83720000 | L5: =K5/920000 -> 91 | M5: =K5*20% -> 16744000 | N5: 20215192 | O5: SD NEGERI 1 CANGKUANG | P5: 268640000 | Q5: =P5/920000 -> 292 | R5: =P5*20% -> 53728000 | S5: 20215335 | T5: SD NEGERI 2 HALIMPU | U5: 237360000 | V5: =U5/920000 -> 258 | W5: =U5*20% -> 47472000 | X5: 20215294 | Y5: SD NEGERI 1 CILEDUGTENGAH | Z5: 284280000 | AA5: =Z5/920000 -> 309 | AB5: =Z5*20% -> 56856000 | AC5: 20215261 | AD5: SD NEGERI 1 GINTUNG TENGAH | AE5: 204240000 | AF5: =AE5/920000 -> 222 | AG5: =AE5*20% -> 40848000 | AH5: 20215061 | AI5: SD NEGERI 4 KASUGENGAN LOR | AJ5: 90160000 | AK5: =AJ5/920000 -> 98 | AL5: =AJ5*20% -> 18032000 | AM5: 20215209 | AN5: SD NEGERI 1 BOBOS | AO5: 63480000 | AP5: =AO5/920000 -> 69 | AQ5: =AO5*20% -> 12696000 | AR5: 20214475 | AS5: SD NEGERI 3 GEBANG KULON | AT5: 159160000 | AU5: =AT5/920000 -> 173 | AV5: =AT5*20% -> 31832000 | AW5: 20270536 | AX5: SDN 2 Slendra | AY5: 111320000 | AZ5: =AY5/920000 -> 121 | BA5: =AY5*20% -> 22264000 | BB5: 20215572 | BC5: SD NEGERI 1 WALAHAR | BD5: 241040000 | BE5: =BD5/920000 -> 262 | BF5: =BD5*20% -> 48208000 | BG5: 20215050 | BH5: SD NEGERI 1 KAMARANG | BI5: 239200000 | BJ5: =BI5/920000 -> 260 | BK5: =BI5*20% -> 47840000 | BL5: 20215177 | BM5: SD NEGERI 1 BUYUT | BN5: 160080000 | BO5: =BN5/920000 -> 174 | BP5: =BN5*20% -> 32016000 | BQ5: 20215530 | BR5: SD NEGERI 2 BAKUNGKIDUL | BS5: 110400000 | BT5: =BS5/920000 -> 120 | BU5: =BS5*20% -> 22080000 | BV5: 20215070 | BW5: SD NEGERI 1 KALIWEDI KIDUL | BX5: 122360000 | BY5: =BX5/920000 -> 133 | BZ5: =BX5*20% -> 24472000 | CA5: 20215545 | CB5: SD NEGERI 2 BUNGKO | CC5: 166520000 | CD5: =CC5/920000 -> 181 | CE5: =CC5*20% -> 33304000 | CF5: 20215391 | CG5: SD NEGERI 2 KARANGSEMBUNG | CH5: 129720000 | CI5: =CH5/920000 -> 141 | CJ5: =CH5*20% -> 25944000 | CK5: 20214659 | CL5: SD NEGERI 2 KUBANGDELEG | CM5: 111320000 | CN5: =CM5/920000 -> 121 | CO5: =CM5*20% -> 22264000 | CP5: 20214665 | CQ5: SD NEGERI 2 KERTAWINANGUN | CR5: 138920000 | CS5: =CR5/920000 -> 151 | CT5: =CR5*20% -> 27784000 | CU5: 20215526 | CV5: SD NEGERI 2 BANGODUA | CW5: 207920000 | CX5: =CW5/920000 -> 226 | CY5: =CW5*20% -> 41584000 | CZ5: 20215164 | DA5: SD NEGERI 1 LEUWIDINGDING | DB5: 180320000 | DC5: =DB5/920000 -> 196 | DD5: =DB5*20% -> 36064000 | DE5: 20215472 | DF5: SD NEGERI 1 TAWANGSARI | DG5: 221720000 | DH5: =DG5/920000 -> 241 | DI5: =DG5*20% -> 44344000 | DJ5: 20215457 | DK5: UPTD SD NEGERI 1 SUCI | DL5: 602600000 | DM5: =DL5/920000 -> 655 | DN5: =DL5*20% -> 120520000 | DO5: 20214632 | DP5: SD NEGERI 2 PABEDILAN KALER | DQ5: 103040000 | DR5: =DQ5/920000 -> 112 | DS5: =DQ5*20% -> 20608000 | DT5: 20214628 | DU5: SD NEGERI 2 PABUARAN LOR | DV5: 141680000 | DW5: =DV5/920000 -> 154 | DX5: =DV5*20% -> 28336000 | DY5: 20215503 | DZ5: SD NEGERI 1 PANONGAN | EA5: 321080000 | EB5: =EA5/920000 -> 349 | EC5: =EA5*20% -> 64216000 | ED5: 20215431 | EE5: SD NEGERI 2 JAPURA LOR | EF5: 65320000 | EG5: =EF5/920000 -> 71 | EH5: =EF5*20% -> 13064000 | EI5: 20214542 | EJ5: SD NEGERI 3 PANGURAGAN KULON | EK5: 261280000 | EL5: =EK5/920000 -> 284 | EM5: =EK5*20% -> 52256000 | EN5: 20215579 | EO5: UPTD SD NEGERI 1 TONJONG | EP5: 270480000 | EQ5: =EP5/920000 -> 294 | ER5: =EP5*20% -> 54096000 | ES5: 20215001 | ET5: SD NEGERI 1 WOTGALI | EU5: 266800000 | EV5: =EU5/920000 -> 290 | EW5: =EU5*20% -> 53360000 | EX5: 20244359 | EY5: SD NEGERI 1 KARANGASEM | EZ5: 94760000 | FA5: =EZ5/920000 -> 103 | FB5: =EZ5*20% -> 18952000 | FC5: 20215127 | FD5: SD NEGERI 1 PANAMBANGAN | FE5: 160080000 | FF5: =FE5/920000 -> 174 | FG5: =FE5*20% -> 32016000 | FH5: 20214904 | FI5: SD NEGERI 5 SUMBER | FJ5: 117760000 | FK5: =FJ5/920000 -> 128 | FL5: =FJ5*20% -> 23552000 | FM5: 20214945 | FN5: SD NEGERI 3 SURANENGGALA KIDUL | FO5: 207000000 | FP5: =FO5/920000 -> 225 | FQ5: =FO5*20% -> 41400000 | FR5: 20214509 | FS5: SD NEGERI 2 WIYONG | FT5: 139840000 | FU5: =FT5/920000 -> 152 | FV5: =FT5*20% -> 27968000 | FW5: 20215477 | FX5: SD NEGERI 1 SUSUKANTONGGOH | FY5: 135240000 | FZ5: =FY5/920000 -> 147 | GA5: =FY5*20% -> 27048000 | GB5: 20215288 | GC5: SD NEGERI 1 CIPERNA | GD5: 162840000 | GE5: =GD5/920000 -> 177 | GF5: =GD5*20% -> 32568000 | GG5: 20215071 | GH5: SD NEGERI 1 KALITENGAH | GI5: 311880000 | GJ5: =GI5/920000 -> 339 | GK5: =GI5*20% -> 62376000 | GL5: 20244383 | GM5: SD NEGERI 1 WALEDKOTA | GN5: 92920000 | GO5: =GN5/920000 -> 101 | GP5: =GN5*20% -> 18584000 | GQ5: 20214752 | GR5: SD NEGERI 2 SETU KULON | GS5: 428720000 | GT5: =GS5/920000 -> 466 | GU5: =GS5*20% -> 85744000
C6: 2 | D6: 20214903 | E6: SDN 6 ARJAWINANGUN | F6: 236440000 | G6: =F6/920000 -> 257 | H6: =F6*20% -> 47288000 | I6: 20215047 | J6: SD NEGERI 1 KANCIKULON | K6: 252080000 | L6: =K6/920000 -> 274 | M6: =K6*20% -> 50416000 | N6: 20215065 | O6: SD NEGERI 1 KARANGWANGUN | P6: 138920000 | Q6: =P6/920000 -> 151 | R6: =P6*20% -> 27784000 | S6: 20215232 | T6: SD NEGERI 1 BEBER | U6: 299000000 | V6: =U6/920000 -> 325 | W6: =U6*20% -> 59800000 | X6: 20215186 | Y6: SD NEGERI 1 BOJONG NEGARA | Z6: 97520000 | AA6: =Z6/920000 -> 106 | AB6: =Z6*20% -> 19504000 | AC6: 20215547 | AD6: SD NEGERI 2 BRINGIN | AE6: 165600000 | AF6: =AE6/920000 -> 180 | AG6: =AE6*20% -> 33120000 | AH6: 20215073 | AI6: SD NEGERI 1 KEJUDEN | AJ6: 225400000 | AK6: =AJ6/920000 -> 245 | AL6: =AJ6*20% -> 45080000 | AM6: 20215379 | AN6: SD NEGERI 2 CISAAT | AO6: 181240000 | AP6: =AO6/920000 -> 197 | AQ6: =AO6*20% -> 36248000 | AR6: 20215307 | AS6: SD NEGERI 1 DOMPYONG KULON | AT6: 161000000 | AU6: =AT6/920000 -> 175 | AV6: =AT6*20% -> 32200000 | AW6: 20244356 | AX6: SD NEGERI 1 JAGAPURA KULON | AY6: 256680000 | AZ6: =AY6/920000 -> 279 | BA6: =AY6*20% -> 51336000 | BB6: 20214926 | BC6: SD NEGERI 1 CUPANG | BD6: 249320000 | BE6: =BD6/920000 -> 271 | BF6: =BD6*20% -> 49864000 | BG6: 20214657 | BH6: SD NEGERI 2 LEBAK MEKAR | BI6: 535440000 | BJ6: =BI6/920000 -> 582 | BK6: =BI6*20% -> 107088000 | BL6: 20214729 | BM6: SD NEGERI 2 SAMBENG | BN6: 84640000 | BO6: =BN6/920000 -> 92 | BP6: =BN6*20% -> 16928000 | BQ6: 20215461 | BR6: SD NEGERI 1 SITIWINANGUN | BS6: 188600000 | BT6: =BS6/920000 -> 205 | BU6: =BS6*20% -> 37720000 | BV6: 20215336 | BW6: SD NEGERI 2 GUWA LOR | BX6: 167440000 | BY6: =BX6/920000 -> 182 | BZ6: =BX6*20% -> 33488000 | CA6: 20215437 | CB6: SD NEGERI 2 KAPETAKAN | CC6: 162840000 | CD6: =CC6/920000 -> 177 | CE6: =CC6*20% -> 32568000 | CF6: 20215396 | CG6: SD NEGERI 2 KARANGMEKAR | CH6: 129720000 | CI6: =CH6/920000 -> 141 | CJ6: =CH6*20% -> 25944000 | CK6: 20215229 | CL6: SD NEGERI 1 BLENDER | CM6: 181240000 | CN6: =CM6/920000 -> 197 | CO6: =CM6*20% -> 36248000 | CP6: 20215576 | CQ6: SD NEGERI 1 TUK | CR6: 440680000 | CS6: =CR6/920000 -> 479 | CT6: =CR6*20% -> 88136000 | CU6: 20214469 | CV6: SD NEGERI 3 DANAWINANGUN | CW6: 187680000 | CX6: =CW6/920000 -> 204 | CY6: =CW6*20% -> 37536000 | CZ6: 20215517 | DA6: SD NEGERI 1 SARAJAYA | DB6: 129720000 | DC6: =DB6/920000 -> 141 | DD6: =DB6*20% -> 25944000 | DE6: 20214689 | DF6: SD NEGERI 2 TAWANGSARI | DG6: 207000000 | DH6: =DG6/920000 -> 225 | DI6: =DG6*20% -> 41400000 | DJ6: 20215008 | DK6: SD NEGERI 1 SINARANCANG | DL6: 198720000 | DM6: =DL6/920000 -> 216 | DN6: =DL6*20% -> 39744000 | DO6: 20244382 | DP6: UPTD D NEGERI 1 TERSANA | DQ6: 517040000 | DR6: =DQ6/920000 -> 562 | DS6: =DQ6*20% -> 103408000 | DT6: 20214548 | DU6: SD NEGERI 3 PABUARAN LOR | DV6: 108560000 | DW6: =DV6/920000 -> 118 | DX6: =DV6*20% -> 21712000 | DY6: 20215501 | DZ6: SD NEGERI 1 PEGAGAN | EA6: 365240000 | EB6: =EA6/920000 -> 397 | EC6: =EA6*20% -> 73048000 | ED6: 20215228 | EE6: SD NEGERI 1 BERINGIN | EF6: 196880000 | EG6: =EF6/920000 -> 214 | EH6: =EF6*20% -> 39376000 | EI6: 20215521 | EJ6: UPTD SD NEGERI 1 PANGURAGAN WETAN | EK6: 533600000 | EL6: =EK6/920000 -> 580 | EM6: =EK6*20% -> 106720000 | EN6: 20215200 | EO6: SD NEGERI 1 CIGOBANG | EP6: 194120000 | EQ6: =EP6/920000 -> 211 | ER6: =EP6*20% -> 38824000 | ES6: 20214727 | ET6: SD NEGERI 2 SARABAU | EU6: 258520000 | EV6: =EU6/920000 -> 281 | EW6: =EU6*20% -> 51704000 | EX6: 20214622 | EY6: SD NEGERI 2 PAMIJAHAN | EZ6: 131560000 | FA6: =EZ6/920000 -> 143 | FB6: =EZ6*20% -> 26312000 | FC6: 20214575 | FD6: SD NEGERI 3 SEDONG LOR | FE6: 117760000 | FF6: =FE6/920000 -> 128 | FG6: =FE6*20% -> 23552000 | FH6: 20214614 | FI6: SD NEGERI 3 KENANGA | FJ6: 246560000 | FK6: =FJ6/920000 -> 268 | FL6: =FJ6*20% -> 49312000 | FM6: 20215483 | FN6: SD NEGERI 1 SURANENGGALA KIDUL | FO6: 369840000 | FP6: =FO6/920000 -> 402 | FQ6: =FO6*20% -> 73968000 | FR6: 20215058 | FS6: SD NEGERI 1 KEDONGDONG | FT6: 336720000 | FU6: =FT6/920000 -> 366 | FV6: =FT6*20% -> 67344000 | FW6: 20215478 | FX6: SD NEGERI 1 SUSUKAN LEBAK | FY6: 91080000 | FZ6: =FY6/920000 -> 99 | GA6: =FY6*20% -> 18216000 | GB6: 20215366 | GC6: SD NEGERI 2 CIPERNA | GD6: 235520000 | GE6: =GD6/920000 -> 256 | GF6: =GD6*20% -> 47104000 | GG6: 69725666 | GH6: SD NEGERI 1 Kalibaru | GI6: 117760000 | GJ6: =GI6/920000 -> 128 | GK6: =GI6*20% -> 23552000 | GL6: 20214935 | GM6: SD NEGERI 3 WALEDKOTA | GN6: 141680000 | GO6: =GN6/920000 -> 154 | GP6: =GN6*20% -> 28336000 | GQ6: 20214940 | GR6: SD NEGERI 3 TEGALWANGI | GS6: 210680000 | GT6: =GS6/920000 -> 229 | GU6: =GS6*20% -> 42136000
C7: 3 | D7: 20215217 | E7: SD NEGERI 1 ARJAWINANGUN | F7: 490360000 | G7: =F7/920000 -> 533 | H7: =F7*20% -> 98072000 | I7: 20215432 | J7: SD NEGERI 2 JAPURA KIDUL | K7: 116840000 | L7: =K7/920000 -> 127 | M7: =K7*20% -> 23368000 | N7: 20215210 | O7: SD NEGERI 1 BABAKANGEBANG | P7: 403880000 | Q7: =P7/920000 -> 439 | R7: =P7*20% -> 80776000 | S7: 20215197 | T7: SD NEGERI 1 CIKANCAS | U7: 165600000 | V7: =U7/920000 -> 180 | W7: =U7*20% -> 33120000 | X7: 20215312 | Y7: SD NEGERI 1 CILEDUG LOR | Z7: 128800000 | AA7: =Z7/920000 -> 140 | AB7: =Z7*20% -> 25760000 | AC7: 20215211 | AD7: SD NEGERI 1 BABAKAN | AE7: 414000000 | AF7: =AE7/920000 -> 450 | AG7: =AE7*20% -> 82800000 | AH7: 20214518 | AI7: SD NEGERI 2 WARUJAYA | AJ7: 170200000 | AK7: =AJ7/920000 -> 185 | AL7: =AJ7*20% -> 34040000 | AM7: 20215344 | AN7: SD NEGERI 2 GIRINATA | AO7: 161000000 | AP7: =AO7/920000 -> 175 | AQ7: =AO7*20% -> 32200000 | AR7: 20215259 | AS7: SD NEGERI 1 GEBANGUDIK | AT7: 187680000 | AU7: =AT7/920000 -> 204 | AV7: =AT7*20% -> 37536000 | AW7: 20215265 | AX7: SD NEGERI 1 JAGAPURA LOR | AY7: 234600000 | AZ7: =AY7/920000 -> 255 | BA7: =AY7*20% -> 46920000 | BB7: 20214710 | BC7: SD NEGERI 2 WALAHAR | BD7: 157320000 | BE7: =BD7/920000 -> 171 | BF7: =BD7*20% -> 31464000 | BG7: 20215121 | BH7: SD NEGERI 1 NANGGELA | BI7: 629280000 | BJ7: =BI7/920000 -> 684 | BK7: =BI7*20% -> 125856000 | BL7: 20215487 | BM7: SD NEGERI 1 SIRNABAYA | BN7: 154560000 | BO7: =BN7/920000 -> 168 | BP7: =BN7*20% -> 30912000 | BQ7: 20214557 | BR7: SD NEGERI 3 SITIWINANGUN | BS7: 116840000 | BT7: =BS7/920000 -> 127 | BU7: =BS7*20% -> 23368000 | BV7: 20215419 | BW7: SD NEGERI 2 KALIDERES | BX7: 96600000 | BY7: =BX7/920000 -> 105 | BZ7: =BX7*20% -> 19320000 | CA7: 20215179 | CB7: SD NEGERI 1 BUNGKO LOR | CC7: 109480000 | CD7: =CC7/920000 -> 119 | CE7: =CC7*20% -> 21896000 | CF7: 20215099 | CG7: SD NEGERI 1 KALIMEANG | CH7: 110400000 | CI7: =CH7/920000 -> 120 | CJ7: =CH7*20% -> 22080000 | CK7: 20244391 | CL7: SD NEGERI 2 BLENDER | CM7: 117760000 | CN7: =CM7/920000 -> 128 | CO7: =CM7*20% -> 23552000 | CP7: 20214693 | CQ7: SD NEGERI 2 SUTAWINANGUN | CR7: 165600000 | CS7: =CR7/920000 -> 180 | CT7: =CR7*20% -> 33120000 | CU7: 20214574 | CV7: SD NEGERI 3 SERANG | CW7: 120520000 | CX7: =CW7/920000 -> 131 | CY7: =CW7*20% -> 24104000 | CZ7: 20215216 | DA7: SD NEGERI 1 ASEM | DB7: 178480000 | DC7: =DB7/920000 -> 194 | DD7: =DB7*20% -> 35696000 | DE7: 20215446 | DF7: SD NEGERI 2 KALISARI | DG7: 269560000 | DH7: =DG7/920000 -> 293 | DI7: =DG7*20% -> 53912000 | DJ7: 20215238 | DK7: SD NEGERI 1 BANJARWANGUNAN | DL7: 683560000 | DM7: =DL7/920000 -> 743 | DN7: =DL7*20% -> 136712000 | DO7: 20244512 | DP7: SD NEGERI 3 PASURUAN | DQ7: 141680000 | DR7: =DQ7/920000 -> 154 | DS7: =DQ7*20% -> 28336000 | DT7: 20215080 | DU7: SD NEGERI 1 JATIRENGGANG | DV7: 156400000 | DW7: =DV7/920000 -> 170 | DX7: =DV7*20% -> 31280000 | DY7: 20215205 | DZ7: SD NEGERI 1 CIAWI | EA7: 216200000 | EB7: =EA7/920000 -> 235 | EC7: =EA7*20% -> 43240000 | ED7: 20214730 | EE7: SD NEGERI 2 RAWAURIP | EF7: 368000000 | EG7: =EF7/920000 -> 400 | EH7: =EF7*20% -> 73600000 | EI7: 20244369 | EJ7: UPTD SD NEGERI 1 PANGURAGAN | EK7: 226320000 | EL7: =EK7/920000 -> 246 | EM7: =EK7*20% -> 45264000 | EN7: 20215502 | EO7: SD NEGERI 1 PASALEMAN | EP7: 149960000 | EQ7: =EP7/920000 -> 163 | ER7: =EP7*20% -> 29992000 | ES7: 20215126 | ET7: SD NEGERI 1 PANEMBAHAN | EU7: 525320000 | EV7: =EU7/920000 -> 571 | EW7: =EU7*20% -> 105064000 | EX7: 20215372 | EY7: SD NEGERI 2 DANAMULYA | EZ7: 97520000 | FA7: =EZ7/920000 -> 106 | FB7: =EZ7*20% -> 19504000 | FC7: 20215064 | FD7: UPTD SD NEGERI 1 KARANG WUNI | FE7: 368920000 | FF7: =FE7/920000 -> 401 | FG7: =FE7*20% -> 73784000 | FH7: 20214617 | FI7: SD NEGERI 2 PERBUTULAN | FJ7: 180320000 | FK7: =FJ7/920000 -> 196 | FL7: =FJ7*20% -> 36064000 | FM7: 20215482 | FN7: SD NEGERI 1 SURANENGGALA KULON | FO7: 253920000 | FP7: =FO7/920000 -> 276 | FQ7: =FO7*20% -> 50784000 | FR7: 20215181 | FS7: SD NEGERI 1 BUNDER | FT7: 324760000 | FU7: =FT7/920000 -> 353 | FV7: =FT7*20% -> 64952000 | FW7: 20215296 | FX7: SD NEGERI 1 CURUGWETAN | FY7: 296240000 | FZ7: =FY7/920000 -> 322 | GA7: =FY7*20% -> 59248000 | GB7: 20215207 | GC7: SD NEGERI 1 CEMPAKA | GD7: 268640000 | GE7: =GD7/920000 -> 292 | GF7: =GD7*20% -> 53728000 | GG7: 20215250 | GH7: SD NEGERI 1 GESIK | GI7: 600760000 | GJ7: =GI7/920000 -> 653 | GK7: =GI7*20% -> 120152000 | GL7: 20215110 | GM7: SD NEGERI 1 MEKARSARI | GN7: 155480000 | GO7: =GN7/920000 -> 169 | GP7: =GN7*20% -> 31096000 | GQ7: 20214677 | GR7: SD NEGERI 2 MEGU CILIK | GS7: 127880000 | GT7: =GS7/920000 -> 139 | GU7: =GS7*20% -> 25576000
C8: 4 | D8: 20214489 | E8: SD NEGERI 3 JUNGJANG | F8: 158240000 | G8: =F8/920000 -> 172 | H8: =F8*20% -> 31648000 | I8: 20215108 | J8: SD NEGERI 1 MERTAPADA WETAN | K8: 82800000 | L8: =K8/920000 -> 90 | M8: =K8*20% -> 16560000 | N8: 20215254 | O8: SD NEGERI 1 GEMBONGANMEKAR | P8: 386400000 | Q8: =P8/920000 -> 420 | R8: =P8*20% -> 77280000 | S8: 20215285 | T8: SD NEGERI 1 CIPINANG | U8: 335800000 | V8: =U8/920000 -> 365 | W8: =U8*20% -> 67160000 | X8: 20215580 | Y8: SD NEGERI 1 TENJOMAYA | Z8: 356040000 | AA8: =Z8/920000 -> 387 | AB8: =Z8*20% -> 71208000 | AC8: 20215247 | AD8: SD NEGERI 1 GINTUNG KIDUL | AE8: 162840000 | AF8: =AE8/920000 -> 177 | AG8: =AE8*20% -> 32568000 | AH8: 20215407 | AI8: SD NEGERI 2 KEJUDEN | AJ8: 184920000 | AK8: =AJ8/920000 -> 201 | AL8: =AJ8*20% -> 36984000 | AM8: 20215289 | AN8: SD NEGERI 1 CIPANAS | AO8: 150880000 | AP8: =AO8/920000 -> 164 | AQ8: =AO8*20% -> 30176000 | AR8: 20215279 | AS8: SD NEGERI 1 GEBANGILIR | AT8: 214360000 | AU8: =AT8/920000 -> 233 | AV8: =AT8*20% -> 42872000 | AW8: 20244370 | AX8: SD NEGERI 1 PANUNGGUL | AY8: 345920000 | AZ8: =AY8/920000 -> 376 | BA8: =AY8*20% -> 69184000 | BB8: 20215130 | BC8: SD NEGERI 1 PALIMANAN BARAT | BD8: 297160000 | BE8: =BD8/920000 -> 323 | BF8: =BD8*20% -> 59432000 | BG8: 20215465 | BH8: SD NEGERI 1 SINDANGKEMPENG | BI8: 497720000 | BJ8: =BI8/920000 -> 541 | BK8: =BI8*20% -> 99544000 | BL8: 20215215 | BM8: SD NEGERI 1 ASTANA | BN8: 379960000 | BO8: =BN8/920000 -> 413 | BP8: =BN8*20% -> 75992000 | BQ8: 20244357 | BR8: SD NEGERI 1 JAMBLANG | BS8: 188600000 | BT8: =BS8/920000 -> 205 | BU8: =BS8*20% -> 37720000 | BV8: 20215573 | BW8: SD NEGERI 1 UJUNGSEMI | BX8: 278760000 | BY8: =BX8/920000 -> 303 | BZ8: =BX8*20% -> 55752000 | CA8: 20214609 | CB8: SD NEGERI 3 KERTASURA | CC8: 276000000 | CD8: =CC8/920000 -> 300 | CE8: =CC8*20% -> 55200000 | CF8: 20214592 | CG8: SD NEGERI 3 KARANGSEMBUNG | CH8: 324760000 | CI8: =CH8/920000 -> 353 | CJ8: =CH8*20% -> 64952000 | CK8: 20214749 | CL8: SD NEGERI 2 SEUSEUPAN | CM8: 84640000 | CN8: =CM8/920000 -> 92 | CO8: =CM8*20% -> 16928000 | CP8: 20214919 | CQ8: SD NEGERI 1 KEDAWUNG | CR8: 115000000 | CS8: =CR8/920000 -> 125 | CT8: =CR8*20% -> 23000000 | CU8: 20215498 | CV8: SD NEGERI 1 PEKANTINGAN | CW8: 156400000 | CX8: =CW8/920000 -> 170 | CY8: =CW8*20% -> 31280000 | CZ8: 20215584 | DA8: SD NEGERI 1 WANGKELANG | DB8: 273240000 | DC8: =DB8/920000 -> 297 | DD8: =DB8*20% -> 54648000 | DE8: 20215218 | DF8: SD NEGERI 1 AMBULU | DG8: 222640000 | DH8: =DG8/920000 -> 242 | DI8: =DG8*20% -> 44528000 | DJ8: 20214750 | DK8: SD NEGERI 2 SETUPATOK | DL8: 80960000 | DM8: =DL8/920000 -> 88 | DN8: =DL8*20% -> 16192000 | DO8: 20215138 | DP8: SD NEGERI 1 PABEDILANKALER | DQ8: 326600000 | DR8: =DQ8/920000 -> 355 | DS8: =DQ8*20% -> 65320000 | DT8: 20215426 | DU8: SD NEGERI 2 JATIRENGGANG | DV8: 187680000 | DW8: =DV8/920000 -> 204 | DX8: =DV8*20% -> 37536000 | DY8: 20215231 | DZ8: SD NEGERI 1 BEBERAN | EA8: 258520000 | EB8: =EA8/920000 -> 281 | EC8: =EA8*20% -> 51704000 | ED8: 20215013 | EE8: SD NEGERI 1 PANGARENGAN | EF8: 173880000 | EG8: =EF8/920000 -> 189 | EH8: =EF8*20% -> 34776000 | EI8: 20214634 | EJ8: SD NEGERI 2 PANGURAGAN LOR | EK8: 92920000 | EL8: =EK8/920000 -> 101 | EM8: =EK8*20% -> 18584000 | EN8: 20214645 | EO8: SD NEGERI 2 PASALEMAN | EP8: 195040000 | EQ8: =EP8/920000 -> 212 | ER8: =EP8*20% -> 39008000 | ES8: 20215581 | ET8: SD NEGERI 1 TEGALSARI | EU8: 397440000 | EV8: =EU8/920000 -> 432 | EW8: =EU8*20% -> 79488000 | EX8: 20214735 | EY8: SD NEGERI 2 PLUMBON | EZ8: 175720000 | FA8: =EZ8/920000 -> 191 | FB8: =EZ8*20% -> 35144000 | FC8: 20214731 | FD8: SD NEGERI 2 PUTAT | FE8: 241960000 | FF8: =FE8/920000 -> 263 | FG8: =FE8*20% -> 48392000 | FH8: 20214638 | FI8: SD NEGERI 2 PEJAMBON | FJ8: 116840000 | FK8: =FJ8/920000 -> 127 | FL8: =FJ8*20% -> 23368000 | FM8: 20215485 | FN8: SD NEGERI 1 SURAKARTA | FO8: 314640000 | FP8: =FO8/920000 -> 342 | FQ8: =FO8*20% -> 62928000 | FR8: 20214944 | FS8: SD NEGERI 3 SUSUKAN | FT8: 106720000 | FU8: =FT8/920000 -> 116 | FV8: =FT8*20% -> 21344000 | FW8: 20215202 | FX8: SD NEGERI 1 CIAWIJAPURA | FY8: 178480000 | FZ8: =FY8/920000 -> 194 | GA8: =FY8*20% -> 35696000 | GB8: 20215059 | GC8: SD NEGERI 1 KECOMBERAN | GD8: 289800000 | GE8: =GD8/920000 -> 315 | GF8: =GD8*20% -> 57960000 | GG8: 20215314 | GH8: SD NEGERI 2 GESIK | GI8: 223560000 | GJ8: =GI8/920000 -> 243 | GK8: =GI8*20% -> 44712000 | GL8: 20215570 | GM8: SD NEGERI 1 WALEDDESA | GN8: 275080000 | GO8: =GN8/920000 -> 299 | GP8: =GN8*20% -> 55016000 | GQ8: 20215592 | GR8: UPTD SD NEGERI 1 WERU KIDUL | GS8: 539120000 | GT8: =GS8/920000 -> 586 | GU8: =GS8*20% -> 107824000
C9: 5 | D9: 20215505 | E9: SD NEGERI 1 RAWAGATEL | F9: 87400000 | G9: =F9/920000 -> 95 | H9: =F9*20% -> 17480000 | I9: 20215214 | J9: SD NEGERI 1 ASTANAJAPURA | K9: 203320000 | L9: =K9/920000 -> 221 | M9: =K9*20% -> 40664000 | N9: 20215253 | O9: SD NEGERI 1 GEMBONGAN | P9: 293480000 | Q9: =P9/920000 -> 319 | R9: =P9*20% -> 58696000 | S9: 20244396 | T9: SD NEGERI 2 CIAWIGAJAH | U9: 312800000 | V9: =U9/920000 -> 340 | W9: =U9*20% -> 62560000 | X9: 20215549 | Y9: SD NEGERI 2 BOJONGNEGARA | Z9: 143520000 | AA9: =Z9/920000 -> 156 | AB9: =Z9*20% -> 28704000 | AC9: 20215299 | AD9: SD NEGERI 1 GALAGAMBA | AE9: 226320000 | AF9: =AE9/920000 -> 246 | AG9: =AE9*20% -> 45264000 | AH9: 20215599 | AI9: SD NEGERI 1 WARUKAWUNG | AJ9: 478400000 | AK9: =AJ9/920000 -> 520 | AL9: =AJ9*20% -> 95680000 | AM9: 20215541 | AN9: SD NEGERI 2 CANGKOAK | AO9: 161000000 | AP9: =AO9/920000 -> 175 | AQ9: =AO9*20% -> 32200000 | AR9: 20215324 | AS9: SD NEGERI 2 GEBANGILIR | AT9: 120520000 | AU9: =AT9/920000 -> 131 | AV9: =AT9*20% -> 24104000 | AW9: 20215413 | AX9: SD NEGERI 2 KEDUNGDALEM | AY9: 161000000 | AZ9: =AY9/920000 -> 175 | BA9: =AY9*20% -> 32200000 | BB9: 20215173 | BC9: SD NEGERI 1 KEDUNGBUNDER | BD9: 185840000 | BE9: =BD9/920000 -> 202 | BF9: =BD9*20% -> 37168000 | BG9: 20215338 | BH9: SD NEGERI 2 GUMULUNG TONGGOH | BI9: 253920000 | BJ9: =BI9/920000 -> 276 | BK9: =BI9*20% -> 50784000 | BL9: 20214558 | BM9: SD NEGERI 3 SIRNABAYA | BN9: 90160000 | BO9: =BN9/920000 -> 98 | BP9: =BN9*20% -> 18032000 | BQ9: 20215122 | BR9: SD NEGERI 1 ORIMALANG | BS9: 138920000 | BT9: =BS9/920000 -> 151 | BU9: =BS9*20% -> 27784000 | BV9: 20215102 | BW9: SD NEGERI 1 KALIDERES | BX9: 207000000 | BY9: =BX9/920000 -> 225 | BZ9: =BX9*20% -> 41400000 | CA9: 20214667 | CB9: SD NEGERI 2 KERTASURA | CC9: 216200000 | CD9: =CC9/920000 -> 235 | CE9: =CC9*20% -> 43240000 | CF9: 20215045 | CG9: SD NEGERI 1 KARANGMEKAR | CH9: 189520000 | CI9: =CH9/920000 -> 206 | CJ9: =CH9*20% -> 37904000 | CK9: 20215508 | CL9: SD NEGERI 1 SEUSEUPAN | CM9: 79120000 | CN9: =CM9/920000 -> 86 | CO9: =CM9*20% -> 15824000 | CP9: 20215476 | CQ9: SD NEGERI 1 SUTAWINANGUN | CR9: 109480000 | CS9: =CR9/920000 -> 119 | CT9: =CR9*20% -> 21896000 | CU9: 20214637 | CV9: SD NEGERI 2 PEKANTINGAN | CW9: 227240000 | CX9: =CW9/920000 -> 247 | CY9: =CW9*20% -> 45448000 | CZ9: 20215464 | DA9: UPTD SD NEGERI 1 SINDANGLAUT | DB9: 349600000 | DC9: =DB9/920000 -> 380 | DD9: =DB9*20% -> 69920000 | DE9: 20214668 | DF9: SD NEGERI 2 LOSARI LOR | DG9: 151800000 | DH9: =DG9/920000 -> 165 | DI9: =DG9*20% -> 30360000 | DJ9: 20215497 | DK9: SD NEGERI 1 PENPEN | DL9: 268640000 | DM9: =DL9/920000 -> 292 | DN9: =DL9*20% -> 53728000 | DO9: 20244372 | DP9: SD NEGERI 1 PASURUAN | DQ9: 278760000 | DR9: =DQ9/920000 -> 303 | DS9: =DQ9*20% -> 55752000 | DT9: 20215266 | DU9: SD NEGERI 1 HULUBANTENG | DV9: 145360000 | DW9: =DV9/920000 -> 158 | DX9: =DV9*20% -> 29072000 | DY9: 20214624 | DZ9: SD NEGERI 2 PALIMANAN TIMUR | EA9: 241960000 | EB9: =EA9/920000 -> 263 | EC9: =EA9*20% -> 48392000 | ED9: 20214899 | EE9: SD NEGERI 1 ASTANAMUKTI | EF9: 150880000 | EG9: =EF9/920000 -> 164 | EH9: =EF9*20% -> 30176000 | EI9: 20215104 | EJ9: SD NEGERI 1 PANGURAGAN LOR | EK9: 216200000 | EL9: =EK9/920000 -> 235 | EM9: =EK9*20% -> 43240000 | EN9: 20215473 | EO9: SD NEGERI 1 TANJUNG ANOM | EP9: 172960000 | EQ9: =EP9/920000 -> 188 | ER9: =EP9*20% -> 34592000 | ES9: 20244377 | ET9: SD NEGERI 1 SARABAU | EU9: 132480000 | EV9: =EU9/920000 -> 144 | EW9: =EU9*20% -> 26496000 | EX9: 20214733 | EY9: SD NEGERI 2 PURBAWINANGUN | EZ9: 266800000 | FA9: =EZ9/920000 -> 290 | FB9: =EZ9*20% -> 53360000 | FC9: 20215512 | FD9: UPTD SD NEGERI 1 SEDONG LOR | FE9: 221720000 | FF9: =FE9/920000 -> 241 | FG9: =FE9*20% -> 44344000 | FH9: 20214713 | FI9: SD NEGERI 2 TUKMUDAL | FJ9: 375360000 | FK9: =FJ9/920000 -> 408 | FL9: =FJ9*20% -> 75072000 | FM9: 20214963 | FN9: SD NEGERI 3 SURAKARTA | FO9: 79120000 | FP9: =FO9/920000 -> 86 | FQ9: =FO9*20% -> 15824000 | FR9: 20215246 | FS9: SD NEGERI 1 GINTUNGLOR | FT9: 289800000 | FU9: =FT9/920000 -> 315 | FV9: =FT9*20% -> 57960000 | FW9: 20214522 | FX9: SD NEGERI 3 CIAWIASIH | FY9: 158240000 | FZ9: =FY9/920000 -> 172 | GA9: =FY9*20% -> 31648000 | GB9: 20215400 | GC9: SD NEGERI 2 KECOMBERAN | GD9: 103040000 | GE9: =GD9/920000 -> 112 | GF9: =GD9*20% -> 20608000 | GG9: 20214898 | GH9: SD NEGERI 1 ASTAPADA | GI9: 360640000 | GJ9: =GI9/920000 -> 392 | GK9: =GI9*20% -> 72128000 | GL9: 20215052 | GM9: SD NEGERI 1 KARANGSARI | GN9: 337640000 | GO9: =GN9/920000 -> 367 | GP9: =GN9*20% -> 67528000 | GQ9: 20244360 | GR9: UPTD SD NEGERI 1 KARANGSARI | GS9: 456320000 | GT9: =GS9/920000 -> 496 | GU9: =GS9*20% -> 91264000
C10: 6 | D10: 20215037 | E10: SD NEGERI 1 KARANGSAMBUNG | F10: 230000000 | G10: =F10/920000 -> 250 | H10: =F10*20% -> 46000000 | I10: 20214675 | J10: SD NEGERI 2 MERTAPADA KULON | K10: 189520000 | L10: =K10/920000 -> 206 | M10: =K10*20% -> 37904000 | N10: 20214523 | O10: SD NEGERI 3 CANGKUANG | P10: 200560000 | Q10: =P10/920000 -> 218 | R10: =P10*20% -> 40112000 | S10: 20215360 | T10: SD NEGERI 2 CIKANCAS | U10: 182160000 | V10: =U10/920000 -> 198 | W10: =U10*20% -> 36432000 | X10: 20244363 | Y10: UPTD SD NEGERI 1 LEUWEUNGGAJAH | Z10: 327520000 | AA10: =Z10/920000 -> 356 | AB10: =Z10*20% -> 65504000 | AC10: 20215183 | AD10: SD NEGERI 1 BUDUR | AE10: 292560000 | AF10: =AE10/920000 -> 318 | AG10: =AE10*20% -> 58512000 | AH10: 20214586 | AI10: SD NEGERI 3 KASUGENGAN KIDUL | AJ10: 119600000 | AK10: =AJ10/920000 -> 130 | AL10: =AJ10*20% -> 23920000 | AM10: 20215563 | AN10: SD NEGERI 2 BOBOS | AO10: 116840000 | AP10: =AO10/920000 -> 127 | AQ10: =AO10*20% -> 23368000 | AR10: 20215321 | AS10: SD NEGERI 2 GEBANG UDIK | AT10: 159160000 | AU10: =AT10/920000 -> 173 | AV10: =AT10*20% -> 31832000 | AW10: 20214501 | AX10: SD NEGERI 3 GEGESIK KULON | AY10: 73600000 | AZ10: =AY10/920000 -> 80 | BA10: =AY10*20% -> 14720000 | BB10: 20215412 | BC10: SD NEGERI 2 KEDUNGBUNDER | BD10: 199640000 | BE10: =BD10/920000 -> 217 | BF10: =BD10*20% -> 39928000 | BG10: 20215348 | BH10: SD NEGERI 2 DURAJAYA | BI10: 319240000 | BJ10: =BI10/920000 -> 347 | BK10: =BI10*20% -> 63848000 | BL10: 20215542 | BM10: SD NEGERI 2 BUYUT | BN10: 80960000 | BO10: =BN10/920000 -> 88 | BP10: =BN10*20% -> 16192000 | BQ10: 20215242 | BR10: SD NEGERI 1 BAKUNGLOR | BS10: 121440000 | BT10: =BS10/920000 -> 132 | BU10: =BS10*20% -> 24288000 | BV10: 20244509 | BW10: SD NEGERI 2 UJUNGSEMI | BX10: 248400000 | BY10: =BX10/920000 -> 270 | BZ10: =BX10*20% -> 49680000 | CA10: 20215544 | CB10: SD NEGERI 2 BUNGKO LOR | CC10: 173880000 | CD10: =CC10/920000 -> 189 | CE10: =CC10*20% -> 34776000 | CF10: 20215043 | CG10: SD NEGERI 1 KARANGSUWUNG | CH10: 204240000 | CI10: =CH10/920000 -> 222 | CJ10: =CH10*20% -> 40848000 | CK10: 20215041 | CL10: UPTD SD NEGERI 1 KARANGASEM | CM10: 420440000 | CN10: =CM10/920000 -> 457 | CO10: =CM10*20% -> 84088000 | CP10: 20214736 | CQ10: SD NEGERI 2 PILANGSARI | CR10: 175720000 | CS10: =CR10/920000 -> 191 | CT10: =CR10*20% -> 35144000 | CU10: 20215170 | CV10: SD NEGERI 1 KREYO | CW10: 154560000 | CX10: =CW10/920000 -> 168 | CY10: =CW10*20% -> 30912000 | CZ10: 20215162 | DA10: SD NEGERI 1 LEMAHABANG | DB10: 130640000 | DC10: =DB10/920000 -> 142 | DD10: =DB10*20% -> 26128000 | DE10: 20215125 | DF10: SD NEGERI 1 PANGGANGSARI | DG10: 111320000 | DH10: =DG10/920000 -> 121 | DI10: =DG10*20% -> 22264000 | DJ10: 20214635 | DK10: SD NEGERI 2 PENPEN | DL10: 351440000 | DM10: =DL10/920000 -> 382 | DN10: =DL10*20% -> 70288000 | DO10: 20215136 | DP10: UPTD SD NEGERI 1 PABEDILAN KULON | DQ10: 491280000 | DR10: =DQ10/920000 -> 534 | DS10: =DQ10*20% -> 98256000 | DT10: 20215334 | DU10: SD NEGERI 2 HULUBANTENG | DV10: 144440000 | DW10: =DV10/920000 -> 157 | DX10: =DV10*20% -> 28888000 | DY10: 20215364 | DZ10: SD NEGERI 2 CIAWI | EA10: 93840000 | EB10: =EA10/920000 -> 102 | EC10: =EA10*20% -> 18768000 | ED10: 20215249 | EE10: SD NEGERI 1 GETRAKMOYAN | EF10: 442520000 | EG10: =EF10/920000 -> 481 | EH10: =EF10*20% -> 88504000 | EI10: 20214654 | EJ10: SD NEGERI 2 LEMAHTAMBA | EK10: 194120000 | EL10: =EK10/920000 -> 211 | EM10: =EK10*20% -> 38824000 | EN10: 20214690 | EO10: SD NEGERI 2 TANJUNGANOM | EP10: 156400000 | EQ10: =EP10/920000 -> 170 | ER10: =EP10*20% -> 31280000 | ES10: 20215191 | ET10: SD NEGERI 1 CANGKRING | EU10: 258520000 | EV10: =EU10/920000 -> 281 | EW10: =EU10*20% -> 51704000 | EX10: 20244375 | EY10: SD NEGERI 1 PURBAWINANGUN | EZ10: 284280000 | FA10: =EZ10/920000 -> 309 | FB10: =EZ10*20% -> 56856000 | FC10: 20214511 | FD10: SD NEGERI 2 WINDUJAYA | FE10: 157320000 | FF10: =FE10/920000 -> 171 | FG10: =FE10*20% -> 31464000 | FH10: 20214571 | FI10: SD NEGERI 3 SIDAWANGI | FJ10: 155480000 | FK10: =FJ10/920000 -> 169 | FL10: =FJ10*20% -> 31096000 | FM10: 20215143 | FN10: SD NEGERI 1 KERATON | FO10: 284280000 | FP10: =FO10/920000 -> 309 | FQ10: =FO10*20% -> 56856000 | FR10: 20215408 | FS10: SD NEGERI 2 KEJIWAN | FT10: 361560000 | FU10: =FT10/920000 -> 393 | FV10: =FT10*20% -> 72312000 | FW10: 20215418 | FX10: SD NEGERI 2 KALIGAWE | FY10: 126040000 | FZ10: =FY10/920000 -> 137 | GA10: =FY10*20% -> 25208000 | GB10: 20215401 | GC10: SD NEGERI 2 KEPONGPONGAN | GD10: 318320000 | GE10: =GD10/920000 -> 346 | GF10: =GD10*20% -> 63664000 | GG10: 20215525 | GH10: SD NEGERI 2 BATEMBAT | GI10: 175720000 | GJ10: =GI10/920000 -> 191 | GK10: =GI10*20% -> 35144000 | GL10: 20215281 | GM10: SD NEGERI 1 CIUYAH | GN10: 165600000 | GO10: =GN10/920000 -> 180 | GP10: =GN10*20% -> 33120000 | GQ10: 20214907 | GR10: SD NEGERI 2 TEGALWANGI | GS10: 379040000 | GT10: =GS10/920000 -> 412 | GU10: =GS10*20% -> 75808000
C11: 7 | D11: 20215511 | E11: SD NEGERI 1 SENDE | F11: 283360000 | G11: =F11/920000 -> 308 | H11: =F11*20% -> 56672000 | I11: 20215438 | J11: SD NEGERI 2 KANCIKULON | K11: 270480000 | L11: =K11/920000 -> 294 | M11: =K11*20% -> 54096000 | N11: 20215189 | O11: SD NEGERI 1 BOJONGGEBANG | P11: 178480000 | Q11: =P11/920000 -> 194 | R11: =P11*20% -> 35696000 | S11: 20215538 | T11: SD NEGERI 2 BEBER | U11: 166520000 | V11: =U11/920000 -> 181 | W11: =U11*20% -> 33304000 | X11: 20214483 | Y11: SD NEGERI 3 CILEDUG LOR | Z11: 106720000 | AA11: =Z11/920000 -> 116 | AB11: =Z11*20% -> 21344000 | AC11: 20215327 | AD11: SD NEGERI 2 GALAGAMBA | AE11: 196880000 | AF11: =AE11/920000 -> 214 | AG11: =AE11*20% -> 39376000 | AH11: 20214585 | AI11: SD NEGERI 3 KASUGENGAN LOR | AJ11: 154560000 | AK11: =AJ11/920000 -> 168 | AL11: =AJ11*20% -> 30912000 | AM11: 20214744 | AN11: SD NEGERI 2 SINDANGJAWA | AO11: 131560000 | AP11: =AO11/920000 -> 143 | AQ11: =AO11*20% -> 26312000 | AR11: 20215306 | AS11: UPTD SD NEGERI 1 DOMPYONG WETAN | AT11: 322920000 | AU11: =AT11/920000 -> 351 | AV11: =AT11*20% -> 64584000 | AW11: 20215313 | AX11: SD NEGERI 2 JAGAPURA LOR | AY11: 266800000 | AZ11: =AY11/920000 -> 290 | BA11: =AY11*20% -> 53360000 | BB11: 20214583 | BC11: SD NEGERI 3 KEDUNGBUNDER | BD11: 211600000 | BE11: =BD11/920000 -> 230 | BF11: =BD11*20% -> 42320000 | BG11: 20215339 | BH11: SD NEGERI 2 GUMULUNGLEBAK | BI11: 323840000 | BJ11: =BI11/920000 -> 352 | BK11: =BI11*20% -> 64768000 | BL11: 20214605 | BM11: SD NEGERI 3 KLAYAN | BN11: 156400000 | BO11: =BN11/920000 -> 170 | BP11: =BN11*20% -> 31280000 | BQ11: 20215594 | BR11: SD NEGERI 1 WANGUNHARJA | BS11: 138000000 | BT11: =BS11/920000 -> 150 | BU11: =BS11*20% -> 27600000 | BV11: 20215490 | BW11: SD NEGERI 1 PRAJAWINANGUN KULON | BX11: 210680000 | BY11: =BX11/920000 -> 229 | BZ11: =BX11*20% -> 42136000 | CA11: 20215305 | CB11: SD NEGERI 1 DUKUH | CC11: 305440000 | CD11: =CC11/920000 -> 332 | CE11: =CC11*20% -> 61088000 | CF11: 20215389 | CG11: SD NEGERI 2 KARANGTENGAH | CH11: 303600000 | CI11: =CH11/920000 -> 330 | CJ11: =CH11*20% -> 60720000 | CK11: 20215042 | CL11: SD NEGERI 1 KARANGANYAR | CM11: 106720000 | CN11: =CM11/920000 -> 116 | CO11: =CM11*20% -> 21344000 | CP11: 20215411 | CQ11: SD NEGERI 2 KEDUNGDAWA | CR11: 200560000 | CS11: =CR11/920000 -> 218 | CT11: =CR11*20% -> 40112000 | CU11: 20214664 | CV11: SD NEGERI 2 KLANGENAN | CW11: 517960000 | CX11: =CW11/920000 -> 563 | CY11: =CW11*20% -> 103592000 | CZ11: 20214726 | DA11: SD NEGERI 2 SARAJAYA | DB11: 151800000 | DC11: =DB11/920000 -> 165 | DD11: =DB11*20% -> 30360000 | DE11: 20214914 | DF11: SD NEGERI MULYASARI | DG11: 21160000 | DH11: =DG11/920000 -> 23 | DI11: =DG11*20% -> 4232000 | DJ11: 20214684 | DK11: SD NEGERI 2 LUWUNG | DL11: 291640000 | DM11: =DL11/920000 -> 317 | DN11: =DL11*20% -> 58328000 | DO11: 20215367 | DP11: SD NEGERI 1 DUKUHWIDARA | DQ11: 134320000 | DR11: =DQ11/920000 -> 146 | DS11: =DQ11*20% -> 26864000 | DT11: 20244354 | DU11: UPTD SD NEGERI 1 HULUBANTENG LOR | DV11: 298080000 | DW11: =DV11/920000 -> 324 | DX11: =DV11*20% -> 59616000 | DY11: 20214538 | DZ11: SD NEGERI 3 PEGAGAN | EA11: 126960000 | EB11: =EA11/920000 -> 138 | EC11: =EA11*20% -> 25392000 | ED11: 20244390 | EE11: SD NEGERI 2 BERINGIN | EF11: 147200000 | EG11: =EF11/920000 -> 160 | EH11: =EF11*20% -> 29440000 | EI11: 20215086 | EJ11: SD NEGERI 1 KALIANYAR | EK11: 224480000 | EL11: =EK11/920000 -> 244 | EM11: =EK11*20% -> 44896000 | EN11: 20214938 | EO11: SD NEGERI 3 TONJONG | EP11: 92000000 | EQ11: =EP11/920000 -> 100 | ER11: =EP11*20% -> 18400000 | ES11: 20214704 | ET11: SD NEGERI 2 TEGALSARI | EU11: 113160000 | EV11: =EU11/920000 -> 123 | EW11: =EU11*20% -> 22632000 | EX11: 20244349 | EY11: SD NEGERI 1 Cempaka | EZ11: 344080000 | FA11: =EZ11/920000 -> 374 | FB11: =EZ11*20% -> 68816000 | FC11: 20215515 | FD11: UPTD SD NEGERI 1 SEDONG KIDUL | FE11: 281520000 | FF11: =FE11/920000 -> 306 | FG11: =FE11*20% -> 56304000 | FH11: 20215088 | FI11: SD NEGERI 1 KALIWADAS | FJ11: 352360000 | FK11: =FJ11/920000 -> 383 | FL11: =FJ11*20% -> 70472000 | FM11: 20215489 | FN11: SD NEGERI 1 PURWAWINANGUN | FO11: 470120000 | FP11: =FO11/920000 -> 511 | FQ11: =FO11*20% -> 94024000 | FR11: 20215103 | FS11: SD NEGERI 1 JATIANOM | FT11: 218960000 | FU11: =FT11/920000 -> 238 | FV11: =FT11*20% -> 43792000 | FW11: 20215588 | FX11: SD NEGERI 1 WILULANG | FY11: 102120000 | FZ11: =FY11/920000 -> 111 | GA11: =FY11*20% -> 20424000 | GB11: 20214613 | GC11: SD NEGERI 3 KEPONGPONGAN | GD11: 96600000 | GE11: =GD11/920000 -> 105 | GF11: =GD11*20% -> 19320000 | GG11: 20215034 | GH11: SD NEGERI 1 PALIR | GI11: 195040000 | GJ11: =GI11/920000 -> 212 | GK11: =GI11*20% -> 39008000 | GL11: 20215376 | GM11: SD NEGERI 2 CIUYAH | GN11: 204240000 | GO11: =GN11/920000 -> 222 | GP11: =GN11*20% -> 40848000 | GQ11: 20244379 | GR11: SD NEGERI 1 SETU WETAN | GS11: 150880000 | GT11: =GS11/920000 -> 164 | GU11: =GS11*20% -> 30176000
C12: 8 | D12: 20214506 | E12: SD NEGERI 3 ARJAWINANGUN | F12: 626520000 | G12: =F12/920000 -> 681 | H12: =F12*20% -> 125304000 | I12: 20214493 | J12: SD NEGERI 3 JAPURA KIDUL | K12: 43240000 | L12: =K12/920000 -> 47 | M12: =K12*20% -> 8648000 | N12: 20215561 | O12: SD NEGERI 2 BOJONGGEBANG | P12: 92920000 | Q12: =P12/920000 -> 101 | R12: =P12*20% -> 18584000 | S12: 20215203 | T12: SD NEGERI 1 CIAWIGAJAH | U12: 271400000 | V12: =U12/920000 -> 295 | W12: =U12*20% -> 54280000 | X12: 20215079 | Y12: SD NEGERI 1 JATISEENG | Z12: 406640000 | AA12: =Z12/920000 -> 442 | AB12: =Z12*20% -> 81328000 | AC12: 20215375 | AD12: SD NEGERI 2 CIWARINGIN | AE12: 155480000 | AF12: =AE12/920000 -> 169 | AG12: =AE12*20% -> 31096000 | AH12: 20215057 | AI12: SD NEGERI 1 KEDUANAN | AJ12: 231840000 | AK12: =AJ12/920000 -> 252 | AL12: =AJ12*20% -> 46368000 | AM12: 20215198 | AN12: SD NEGERI 1 CIKALAHANG | AO12: 174800000 | AP12: =AO12/920000 -> 190 | AQ12: =AO12*20% -> 34960000 | AR12: 20215300 | AS12: SD NEGERI 1 GAGASARI | AT12: 364320000 | AU12: =AT12/920000 -> 396 | AV12: =AT12*20% -> 72864000 | AW12: 20215458 | AX12: SD NEGERI 1 SIBUBUT | AY12: 178480000 | AZ12: =AY12/920000 -> 194 | BA12: =AY12*20% -> 35696000 | BB12: 20215358 | BC12: SD NEGERI 2 CIKEUSAL | BD12: 157320000 | BE12: =BD12/920000 -> 171 | BF12: =BD12*20% -> 31464000 | BG12: 20215275 | BH12: SD NEGERI 1 GREGED | BI12: 297160000 | BJ12: =BI12/920000 -> 323 | BK12: =BI12*20% -> 59432000 | BL12: 20214525 | BM12: SD NEGERI 3 BUYUT | BN12: 230920000 | BO12: =BN12/920000 -> 251 | BP12: =BN12*20% -> 46184000 | BQ12: 20214721 | BR12: SD NEGERI 2 SITIWINANGUN | BS12: 113160000 | BT12: =BS12/920000 -> 123 | BU12: =BS12*20% -> 22632000 | BV12: 20244374 | BW12: SD NEGERI 1 PRAJAWINANGUN WETAN | BX12: 330280000 | BY12: =BX12/920000 -> 359 | BZ12: =BX12*20% -> 66056000 | CA12: 20244342 | CB12: SD NEGERI 1 GROGOL | CC12: 418600000 | CD12: =CC12/920000 -> 455 | CE12: =CC12*20% -> 83720000 | CF12: 20214593 | CG12: SD NEGERI 3 KARANGMEKAR | CH12: 148120000 | CI12: =CH12/920000 -> 161 | CJ12: =CH12*20% -> 29624000 | CK12: 20215168 | CL12: SD NEGERI 1 KUBANGDELEG | CM12: 212520000 | CN12: =CM12/920000 -> 231 | CO12: =CM12*20% -> 42504000 | CP12: 20214607 | CQ12: SD NEGERI 3 KERTAWINANGUN | CR12: 179400000 | CS12: =CR12/920000 -> 195 | CT12: =CR12*20% -> 35880000 | CU12: 20215309 | CV12: SD NEGERI 1 DANAWINANGUN | CW12: 173880000 | CX12: =CW12/920000 -> 189 | CY12: =CW12*20% -> 34776000 | CZ12: 20215381 | DA12: SD NEGERI 2 CIPEUJEUH KULON | DB12: 270480000 | DC12: =DB12/920000 -> 294 | DD12: =DB12*20% -> 54096000 | DE12: 20215213 | DF12: SD NEGERI 1 ASTANALANGGAR | DG12: 396520000 | DH12: =DG12/920000 -> 431 | DI12: =DG12*20% -> 79304000 | DJ12: 20215002 | DK12: SD NEGERI 1 WARUDUWUR | DL12: 201480000 | DM12: =DL12/920000 -> 219 | DN12: =DL12*20% -> 40296000 | DO12: 20214472 | DP12: SD NEGERI 2 DUKUHWIDARA | DQ12: 112240000 | DR12: =DQ12/920000 -> 122 | DS12: =DQ12*20% -> 22448000 | DT12: 20215455 | DU12: SD NEGERI 1 SUKADANA | DV12: 270480000 | DW12: =DV12/920000 -> 294 | DX12: =DV12*20% -> 54096000 | DY12: 20214611 | DZ12: SD NEGERI 3 KEPUH | EA12: 69000000 | EB12: =EA12/920000 -> 75 | EC12: =EA12*20% -> 13800000 | ED12: 20215015 | EE12: SD NEGERI 1 PANGENAN | EF12: 181240000 | EG12: =EF12/920000 -> 197 | EH12: =EF12*20% -> 36248000 | EI12: 20215420 | EJ12: SD NEGERI 2 KALIANYAR | EK12: 94760000 | EL12: =EK12/920000 -> 103 | EM12: =EK12*20% -> 18952000 | EN12: 20246448 | EO12: SD NEGERI 2 CIGOBANG | EP12: 147200000 | EQ12: =EP12/920000 -> 160 | ER12: =EP12*20% -> 29440000 | ES12: 20214619 | ET12: SD NEGERI 2 PANGKALAN | EU12: 108560000 | EV12: =EU12/920000 -> 118 | EW12: =EU12*20% -> 21712000 | EX12: 20214685 | EY12: SD NEGERI 2 LURAH | EZ12: 197800000 | FA12: =EZ12/920000 -> 215 | FB12: =EZ12*20% -> 39560000 | FC12: 20246439 | FD12: SD NEGERI 1 PANONGANLOR | FE12: 276000000 | FF12: =FE12/920000 -> 300 | FG12: =FE12*20% -> 55200000 | FH12: 20215405 | FI12: SD NEGERI 2 KEMANTREN | FJ12: 188600000 | FK12: =FJ12/920000 -> 205 | FL12: =FJ12*20% -> 37720000 | FM12: 20214697 | FN12: SD NEGERI 2 SURANENGGALA KULON | FO12: 123280000 | FP12: =FO12/920000 -> 134 | FQ12: =FO12*20% -> 24656000 | FR12: 20215117 | FS12: SD NEGERI 1 LUWUNGKENCANA | FT12: 189520000 | FU12: =FT12/920000 -> 206 | FV12: =FT12*20% -> 37904000 | FW12: 20215479 | FX12: SD NEGERI 1 SUSUKANAGUNG | FY12: 201480000 | FZ12: =FY12/920000 -> 219 | GA12: =FY12*20% -> 40296000 | GB12: 20215144 | GC12: SD NEGERI 1 KERANDON | GD12: 339480000 | GE12: =GD12/920000 -> 369 | GF12: =GD12*20% -> 67896000 | GG12: 20215308 | GH12: SD NEGERI 1 DAWUAN | GI12: 253000000 | GJ12: =GI12/920000 -> 275 | GK12: =GI12*20% -> 50600000 | GL12: 20215585 | GM12: SD NEGERI 2 AMBIT | GN12: 106720000 | GO12: =GN12/920000 -> 116 | GP12: =GN12*20% -> 21344000 | GQ12: 20215591 | GR12: UPTD SD NEGERI 1 WERU LOR | GS12: 544640000 | GT12: =GS12/920000 -> 592 | GU12: =GS12*20% -> 108928000
C13: 9 | D13: 20214688 | E13: SD NEGERI 2 TEGALGUBUG | F13: 106720000 | G13: =F13/920000 -> 116 | H13: =F13*20% -> 21344000 | I13: 20215245 | J13: SD NEGERI 1 JAPURABAKTI | K13: 209760000 | L13: =K13/920000 -> 228 | M13: =K13*20% -> 41952000 | N13: 20215009 | O13: SD NEGERI 1 SERANGWETAN | P13: 161920000 | Q13: =P13/920000 -> 176 | R13: =P13*20% -> 32384000 | S13: 20246441 | T13: SD NEGERI 1 PATAPAN | U13: 155480000 | V13: =U13/920000 -> 169 | W13: =U13*20% -> 31096000 | X13: 20215293 | Y13: SD NEGERI 1 CILEDUG WETAN | Z13: 106720000 | AA13: =Z13/920000 -> 116 | AB13: =Z13*20% -> 21344000 | AC13: 20215184 | AD13: SD NEGERI 1 BRINGIN | AE13: 195040000 | AF13: =AE13/920000 -> 212 | AG13: =AE13*20% -> 39008000 | AH13: 20214924 | AI13: SD NEGERI 1 GETASAN | AJ13: 355120000 | AK13: =AJ13/920000 -> 386 | AL13: =AJ13*20% -> 71024000 | AM13: 20214682 | AN13: SD NEGERI 2 MANDALA | AO13: 103960000 | AP13: =AO13/920000 -> 113 | AQ13: =AO13*20% -> 20792000 | AR13: 20215093 | AS13: SD NEGERI 1 KALIPASUNG | AT13: 425040000 | AU13: =AT13/920000 -> 462 | AV13: =AT13*20% -> 85008000 | AW13: 20215320 | AX13: SD NEGERI 2 GEGESIK KIDUL | AY13: 180320000 | AZ13: =AY13/920000 -> 196 | BA13: =AY13*20% -> 36064000 | BB13: 20215195 | BC13: SD NEGERI 1 CIKEUSAL | BD13: 111320000 | BE13: =BD13/920000 -> 121 | BF13: =BD13*20% -> 22264000 | BG13: 20215049 | BH13: SD NEGERI 1 KAMARANG LEBAK | BI13: 103040000 | BJ13: =BI13/920000 -> 112 | BK13: =BI13*20% -> 20608000 | BL13: 20215274 | BM13: SD NEGERI 1 GROGOL | BN13: 254840000 | BO13: =BN13/920000 -> 277 | BP13: =BN13*20% -> 50968000 | BQ13: 20215548 | BR13: SD NEGERI 2 BOJONG WETAN | BS13: 299920000 | BT13: =BS13/920000 -> 326 | BU13: =BS13*20% -> 59984000 | BV13: 20215595 | BW13: SD NEGERI 1 WARGABINANGUN | BX13: 195040000 | BY13: =BX13/920000 -> 212 | BZ13: =BX13*20% -> 39008000 | CA13: 20244344 | CB13: SD NEGERI 1 PEGAGAN KIDUL | CC13: 527160000 | CD13: =CC13/920000 -> 573 | CE13: =CC13*20% -> 105432000 | CF13: 20215450 | CG13: SD NEGERI 2 KALIMEANG | CH13: 128800000 | CI13: =CH13/920000 -> 140 | CJ13: =CH13*20% -> 25760000 | CK13: 20215082 | CL13: SD NEGERI 1 JATIPIRING | CM13: 168360000 | CN13: =CM13/920000 -> 183 | CO13: =CM13*20% -> 33672000 | CP13: 20244362 | CQ13: SD NEGERI 1 KERTAWINANGUN | CR13: 211600000 | CS13: =CR13/920000 -> 230 | CT13: =CR13*20% -> 42320000 | CU13: 20215460 | CV13: SD NEGERI 1 SLANGIT | CW13: 235520000 | CX13: =CW13/920000 -> 256 | CY13: =CW13*20% -> 47104000 | CZ13: 20214479 | DA13: SD NEGERI 3 CIPEUJEUH WETAN | DB13: 323840000 | DC13: =DB13/920000 -> 352 | DD13: =DB13*20% -> 64768000 | DE13: 20214505 | DF13: SD NEGERI 3 ASTANALANGGAR | DG13: 149040000 | DH13: =DG13/920000 -> 162 | DI13: =DG13*20% -> 29808000 | DJ13: 20214897 | DK13: SD NEGERI 1 BANDENGAN | DL13: 157320000 | DM13: =DL13/920000 -> 171 | DN13: =DL13*20% -> 31464000 | DO13: 20215137 | DP13: SD NEGERI 1 PABEDILANKIDUL | DQ13: 210680000 | DR13: =DQ13/920000 -> 229 | DS13: =DQ13*20% -> 42136000 | DT13: 20215132 | DU13: UPTD SD NEGERI 1 PABUARAN WETAN | DV13: 322000000 | DW13: =DV13/920000 -> 350 | DX13: =DV13*20% -> 64400000 | DY13: 20214669 | DZ13: SD NEGERI 2 LUNGBENDA | EA13: 207000000 | EB13: =EA13/920000 -> 225 | EC13: =EA13*20% -> 41400000 | ED13: 20215301 | EE13: SD NEGERI 1 ENDER | EF13: 131560000 | EG13: =EF13/920000 -> 143 | EH13: =EF13*20% -> 26312000 | EI13: 20214541 | EJ13: SD NEGERI 3 PANGURAGAN WETAN | EK13: 282440000 | EL13: =EK13/920000 -> 307 | EM13: =EK13*20% -> 56488000 | EN13: 20215291 | EO13: SD NEGERI 1 CILENGKRANGGIRANG | EP13: 155480000 | EQ13: =EP13/920000 -> 169 | ER13: =EP13*20% -> 31096000 | ES13: 20244368 | ET13: SD NEGERI 1 PANGKALAN | EU13: 195040000 | EV13: =EU13/920000 -> 212 | EW13: =EU13*20% -> 39008000 | EX13: 20244501 | EY13: SD NEGERI 2 KARANGASEM | EZ13: 150880000 | FA13: =EZ13/920000 -> 164 | FB13: =EZ13*20% -> 30176000 | FC13: 20214636 | FD13: SD NEGERI 2 PANAMBANGAN | FE13: 128800000 | FF13: =FE13/920000 -> 140 | FG13: =FE13*20% -> 25760000 | FH13: 20215513 | FI13: SD NEGERI 1 SENDANG | FJ13: 135240000 | FK13: =FJ13/920000 -> 147 | FL13: =FJ13*20% -> 27048000 | FM13: 20214696 | FN13: SD NEGERI 2 SURANENGGALA LOR | FO13: 297160000 | FP13: =FO13/920000 -> 323 | FQ13: =FO13*20% -> 59432000 | FR13: 20215474 | FS13: SD NEGERI 1 TANGKIL | FT13: 276920000 | FU13: =FT13/920000 -> 301 | FV13: =FT13*20% -> 55384000 | FW13: 20215495 | FX13: SD NEGERI 1 PASAWAHAN | FY13: 134320000 | FZ13: =FY13/920000 -> 146 | GA13: =FY13*20% -> 26864000 | GB13: 20215284 | GC13: SD NEGERI 1 CIREBON GIRANG | GD13: 241960000 | GE13: =GD13/920000 -> 263 | GF13: =GD13*20% -> 48392000 | GG13: 20215236 | GH13: SD NEGERI 1 BATEMBAT | GI13: 214360000 | GJ13: =GI13/920000 -> 233 | GK13: =GI13*20% -> 42872000 | GL13: 20214477 | GM13: SD NEGERI 3 CIUYAH | GN13: 164680000 | GO13: =GN13/920000 -> 179 | GP13: =GN13*20% -> 32936000 | GQ13: 20244381 | GR13: SD NEGERI 1 TEGALWANGI | GS13: 200560000 | GT13: =GS13/920000 -> 218 | GU13: =GS13*20% -> 40112000
C14: 10 | D14: 20214737 | E14: SD NEGERI 2 SENDE | F14: 193200000 | G14: =F14/920000 -> 210 | H14: =F14*20% -> 38640000 | I14: 20215048 | J14: SD NEGERI 1 KANCI | K14: 387320000 | L14: =K14/920000 -> 421 | M14: =K14*20% -> 77464000 | N14: 20215533 | O14: SD NEGERI 2 BABAKANGEBANG | P14: 379960000 | Q14: =P14/920000 -> 413 | R14: =P14*20% -> 75992000 | S14: 20215583 | T14: SD NEGERI 1 WANAYASA | U14: 161000000 | V14: =U14/920000 -> 175 | W14: =U14*20% -> 32200000 | X14: 20215353 | Y14: SD NEGERI 2 CILEDUG TENGAH | Z14: 180320000 | AA14: =Z14/920000 -> 196 | AB14: =Z14*20% -> 36064000 | AC14: 20215280 | AD14: SD NEGERI 1 CIWARINGIN | AE14: 494960000 | AF14: =AE14/920000 -> 538 | AG14: =AE14*20% -> 98992000 | AH14: 20214516 | AI14: SD NEGERI 2 WARUROYOM | AJ14: 131560000 | AK14: =AJ14/920000 -> 143 | AL14: =AJ14*20% -> 26312000 | AM14: 20215365 | AN14: SD NEGERI 2 CIPANAS | AO14: 138000000 | AP14: =AO14/920000 -> 150 | AQ14: =AO14*20% -> 27600000 | AR14: 20215369 | AS14: SD NEGERI 2 DOMPYONG WETAN | AT14: 205160000 | AU14: =AT14/920000 -> 223 | AV14: =AT14*20% -> 41032000 | AW14: 20215523 | AX14: SD NEGERI 2 BAYALANGU LOR | AY14: 113160000 | AZ14: =AY14/920000 -> 123 | BA14: =AY14*20% -> 22632000 | BB14: 20215252 | BC14: UPTD NEGERI 1 GEMPOL | BD14: 206080000 | BE14: =BD14/920000 -> 224 | BF14: =BD14*20% -> 41216000 | BG14: 20215083 | BH14: SD NEGERI 1 JATIPANCUR | BI14: 379040000 | BJ14: =BI14/920000 -> 412 | BK14: =BI14*20% -> 75808000 | BL14: 20244364 | BM14: UPTD SD NEGERI 1 MAYUNG | BN14: 437920000 | BO14: =BN14/920000 -> 476 | BP14: =BN14*20% -> 87584000 | BQ14: 20214535 | BR14: SD NEGERI 3 BAKUNGKIDUL | BS14: 143520000 | BT14: =BS14/920000 -> 156 | BU14: =BS14*20% -> 28704000 | BV14: 20215069 | BW14: SD NEGERI 1 KALIWEDI LOR | BX14: 156400000 | BY14: =BX14/920000 -> 170 | BZ14: =BX14*20% -> 31280000 | CA14: 20215040 | CB14: SD NEGERI 1 KARANGKENDAL | CC14: 336720000 | CD14: =CC14/920000 -> 366 | CE14: =CC14*20% -> 67344000 | CF14: 20215016 | CG14: SD NEGERI 3 KALIMEANG | CH14: 71760000 | CI14: =CH14/920000 -> 78 | CJ14: =CH14*20% -> 14352000 | CK14: 20215066 | CL14: SD NEGERI 1 KARANGWANGI | CM14: 417680000 | CN14: =CM14/920000 -> 454 | CO14: =CM14*20% -> 83536000 | CP14: 20215494 | CQ14: SD NEGERI 1 PILANGSARI | CR14: 161000000 | CS14: =CR14/920000 -> 175 | CT14: =CR14*20% -> 32200000 | CU14: 20214738 | CV14: SD NEGERI 2 SERANG | CW14: 108560000 | CX14: =CW14/920000 -> 118 | CY14: =CW14*20% -> 21712000 | CZ14: 20214656 | DA14: SD NEGERI 2 LEMAHABANG | DB14: 357880000 | DC14: =DB14/920000 -> 389 | DD14: =DB14*20% -> 71576000 | DE14: 20215237 | DF14: SD NEGERI 1 BARISAN | DG14: 209760000 | DH14: =DG14/920000 -> 228 | DI14: =DG14*20% -> 41952000 | DJ14: 20215377 | DK14: SD NEGERI 2 CITEMU | DL14: 128800000 | DM14: =DL14/920000 -> 140 | DN14: =DL14*20% -> 25760000 | DO14: 20215087 | DP14: SD NEGERI 1 KALIBUNTU | DQ14: 341320000 | DR14: =DQ14/920000 -> 371 | DS14: =DQ14*20% -> 68264000 | DT14: 20215134 | DU14: SD NEGERI 1 PABUARAN KIDUL | DV14: 573160000 | DW14: =DV14/920000 -> 623 | DX14: =DV14*20% -> 114632000 | DY14: 20214540 | DZ14: SD NEGERI 3 PANONGAN | EA14: 82800000 | EB14: =EA14/920000 -> 90 | EC14: =EA14*20% -> 16560000 | ED14: 20215328 | EE14: SD NEGERI 2 ENDER | EF14: 447120000 | EG14: =EF14/920000 -> 486 | EH14: =EF14*20% -> 89424000 | EI14: 20215124 | EJ14: SD NEGERI 1 PANGURAGAN KULON | EK14: 285200000 | EL14: =EK14/920000 -> 310 | EM14: =EK14*20% -> 57040000 | EN14: 20215199 | EO14: SD NEGERI 1 CIGOBANGWANGI | EP14: 287040000 | EQ14: =EP14/920000 -> 312 | ER14: =EP14*20% -> 57408000 | ES14: 20214941 | ET14: SD NEGERI 3 TEGALSARI | EU14: 152720000 | EV14: =EU14/920000 -> 166 | EW14: =EU14*20% -> 30544000 | EX14: 20214601 | EY14: SD NEGERI 3 LURAH | EZ14: 247480000 | FA14: =EZ14/920000 -> 269 | FB14: =EZ14*20% -> 49496000 | FC14: 20214512 | FD14: SD NEGERI 2 WINDUHAJI | FE14: 122360000 | FF14: =FE14/920000 -> 133 | FG14: =FE14*20% -> 24472000 | FH14: 20215255 | FI14: SD NEGERI 1 GEGUNUNG | FJ14: 462760000 | FK14: =FJ14/920000 -> 503 | FL14: =FJ14*20% -> 92552000 | FM14: 20215394 | FN14: SD NEGERI 2 KARANGREJA | FO14: 119600000 | FP14: =FO14/920000 -> 130 | FQ14: =FO14*20% -> 23920000 | FR14: 20214711 | FS14: SD NEGERI 2 UJUNGGEBANG | FT14: 253920000 | FU14: =FT14/920000 -> 276 | FV14: =FT14*20% -> 50784000 | FW14: 20215295 | FX14: SD NEGERI 1 CURUG | FY14: 276920000 | FZ14: =FY14/920000 -> 301 | GA14: =FY14*20% -> 55384000 | GB14: 20215035 | GC14: SD NEGERI 2 KERANDON | GD14: 188600000 | GE14: =GD14/920000 -> 205 | GF14: =GD14*20% -> 37720000 | GG14: 20215151 | GH14: UPTD SD NEGERI 1 KEMLAKA GEDE | GI14: 341320000 | GJ14: =GI14/920000 -> 371 | GK14: =GI14*20% -> 68264000 | GL14: 20215270 | GM14: SD NEGERI 1 GUNUNGSARI | GN14: 311880000 | GO14: =GN14/920000 -> 339 | GP14: =GN14*20% -> 62376000 | GQ14: 20214948 | GR14: SD NEGERI 4 MEGUGEDE | GS14: 347760000 | GT14: =GS14/920000 -> 378 | GU14: =GS14*20% -> 69552000
C15: 11 | D15: 20215537 | E15: SD NEGERI 2 ARJAWINANGUN | F15: 186760000 | G15: =F15/920000 -> 203 | H15: =F15*20% -> 37352000 | I15: 20214670 | J15: SD NEGERI 2 MUNJUL | K15: 299920000 | L15: =K15/920000 -> 326 | M15: =K15*20% -> 59984000 | N15: 20214519 | O15: SD NEGERI 3 BABAKAN GEBANG | P15: 154560000 | Q15: =P15/920000 -> 168 | R15: =P15*20% -> 30912000 | S15: 20214530 | T15: SD NEGERI 3 BEBER | U15: 237360000 | V15: =U15/920000 -> 258 | W15: =U15*20% -> 47472000 | X15: 20215311 | Y15: SD NEGERI 1 DAMARGUNA | Z15: 218960000 | AA15: =Z15/920000 -> 238 | AB15: =Z15*20% -> 43792000 | AC15: 20244387 | AD15: SD NEGERI 2 BABAKAN | AE15: 136160000 | AF15: =AE15/920000 -> 148 | AG15: =AE15*20% -> 27232000 | AH15: 20244503 | AI15: SD NEGERI 2 KARANGWANGI | AJ15: 242880000 | AK15: =AJ15/920000 -> 264 | AL15: =AJ15*20% -> 48576000 | AM15: 20215116 | AN15: SD NEGERI 1 MANDALA | AO15: 183080000 | AP15: =AO15/920000 -> 199 | AQ15: =AO15*20% -> 36616000 | AR15: 20214485 | AS15: SD NEGERI 3 GEBANG MEKAR | AT15: 263120000 | AU15: =AT15/920000 -> 286 | AV15: =AT15*20% -> 52624000 | AW15: 20215459 | AX15: SD NEGERI 1 SLENDRA | AY15: 103960000 | AZ15: =AY15/920000 -> 113 | BA15: =AY15*20% -> 20792000 | BB15: 20214625 | BC15: SD NEGERI 2 PALIMANAN BARAT | BD15: 362480000 | BE15: =BD15/920000 -> 394 | BF15: =BD15*20% -> 72496000 | BG15: 20215163 | BH15: SD NEGERI 1 LEBAK MEKAR | BI15: 567640000 | BJ15: =BI15/920000 -> 617 | BK15: =BI15*20% -> 113528000 | BL15: 20215085 | BM15: SD NEGERI 1 JATIMERTA | BN15: 148120000 | BO15: =BN15/920000 -> 161 | BP15: =BN15*20% -> 29624000 | BQ15: 20214534 | BR15: SD NEGERI 3 BAKUNGLOR | BS15: 166520000 | BT15: =BS15/920000 -> 181 | BU15: =BS15*20% -> 33304000 | BV15: 20215441 | BW15: SD NEGERI 2 KALIWEDI LOR | BX15: 337640000 | BY15: =BX15/920000 -> 367 | BZ15: =BX15*20% -> 67528000 | CA15: 20215141 | CB15: SD NEGERI 1 KERTASURA | CC15: 230920000 | CD15: =CC15/920000 -> 251 | CE15: =CC15*20% -> 46184000 | CF15: 20215167 | CG15: SD NEGERI 1 KUBANGKARANG | CH15: 196880000 | CI15: =CH15/920000 -> 214 | CJ15: =CH15*20% -> 39376000 | CK15: 20215486 | CL15: SD NEGERI 1 SUMURKONDANG | CM15: 229080000 | CN15: =CM15/920000 -> 249 | CO15: =CM15*20% -> 45816000 | CP15: 20244514 | CQ15: SD NEGERI 1 KALIKOA | CR15: 432400000 | CS15: =CR15/920000 -> 470 | CT15: =CR15*20% -> 86480000 | CU15: 20214661 | CV15: SD NEGERI 2 KREYO | CW15: 139840000 | CX15: =CW15/920000 -> 152 | CY15: =CW15*20% -> 27968000 | CZ15: 20215161 | DA15: SD NEGERI 1 LEMAHABANG KULON | DB15: 207920000 | DC15: =DB15/920000 -> 226 | DD15: =DB15*20% -> 41584000 | DE15: 20215140 | DF15: UPTD SD NEGERI 1 LOSARI KIDUL | DG15: 328440000 | DH15: =DG15/920000 -> 357 | DI15: =DG15*20% -> 65688000 | DJ15: 20214580 | DK15: SD NEGERI 3 PENPEN | DL15: 223560000 | DM15: =DL15/920000 -> 243 | DN15: =DL15*20% -> 44712000 | DO15: 20214631 | DP15: SD NEGERI 2 PABEDILAN KIDUL | DQ15: 185840000 | DR15: =DQ15/920000 -> 202 | DS15: =DQ15*20% -> 37168000 | DT15: 20214549 | DU15: SD NEGERI 3 PABUARAN WETAN | DV15: 281520000 | DW15: =DV15/920000 -> 306 | DX15: =DV15*20% -> 56304000 | DY15: 20214544 | DZ15: SD NEGERI 3 PALIMANAN TIMUR | EA15: 214360000 | EB15: =EA15/920000 -> 233 | EC15: =EA15*20% -> 42872000 | ED15: 20214913 | EE15: SD NEGERI 1 BENDUNGAN | EF15: 249320000 | EG15: =EF15/920000 -> 271 | EH15: =EF15*20% -> 49864000 | EI15: 20215160 | EJ15: SD NEGERI 1 LEMAHTAMBA | EK15: 200560000 | EL15: =EK15/920000 -> 218 | EM15: =EK15*20% -> 40112000 | EN15: 20215292 | EO15: SD NEGERI 1 CILENGKRANG | EP15: 143520000 | EQ15: =EP15/920000 -> 156 | ER15: =EP15*20% -> 28704000 | ES15: 20215440 | ET15: SD NEGERI 2 KALIWULU | EU15: 386400000 | EV15: =EU15/920000 -> 420 | EW15: =EU15*20% -> 77280000 | EX15: 20215190 | EY15: SD NEGERI 1 BODESARI | EZ15: 165600000 | FA15: =EZ15/920000 -> 180 | FB15: =EZ15*20% -> 33120000 | FC15: 20214724 | FD15: SD NEGERI 2 SEDONG KIDUL | FE15: 178480000 | FF15: =FE15/920000 -> 194 | FG15: =FE15*20% -> 35696000 | FH15: 20214722 | FI15: SD NEGERI 2 SENDANG | FJ15: 240120000 | FK15: =FJ15/920000 -> 261 | FL15: =FJ15*20% -> 48024000 | FM15: 20214672 | FN15: SD NEGERI 2 MUARA | FO15: 232760000 | FP15: =FO15/920000 -> 253 | FQ15: =FO15*20% -> 46552000 | FR15: 20214600 | FS15: SD NEGERI 3 LUWUNG KENCANA | FT15: 118680000 | FU15: =FT15/920000 -> 129 | FV15: =FT15*20% -> 23736000 | FW15: 20215204 | FX15: SD NEGERI 1 CIAWIASIH | FY15: 222640000 | FZ15: =FY15/920000 -> 242 | GA15: =FY15*20% -> 44528000 | GB15: 20214706 | GC15: SD NEGERI 2 WANASABA KIDUL | GD15: 224480000 | GE15: =GD15/920000 -> 244 | GF15: =GD15*20% -> 44896000 | GG15: 20214470 | GH15: SD NEGERI 3 DAWUAN | GI15: 403880000 | GJ15: =GI15/920000 -> 439 | GK15: =GI15*20% -> 80776000 | GL15: 20254084 | GM15: SD NEGERI 1 CISAAT | GN15: 239200000 | GO15: =GN15/920000 -> 260 | GP15: =GN15*20% -> 47840000 | GQ15: 20214751 | GR15: SD NEGERI 2 SETU WETAN BANK JABAR | GS15: 379960000 | GT15: =GS15/920000 -> 413 | GU15: =GS15*20% -> 75992000
C16: 12 | D16: 20214942 | E16: SD NEGERI 3 TEGALGUBUG | F16: 276000000 | G16: =F16/920000 -> 300 | H16: =F16*20% -> 55200000 | I16: 20244385 | J16: SD NEGERI 2 ASTANAJAPURA | K16: 172040000 | L16: =K16/920000 -> 187 | M16: =K16*20% -> 34408000 | N16: 20214504 | O16: SD NEGERI 3 BABAKAN | P16: 102120000 | Q16: =P16/920000 -> 111 | R16: =P16*20% -> 20424000 | S16: 20214643 | T16: SD NEGERI 2 PATAPAN | U16: 109480000 | V16: =U16/920000 -> 119 | W16: =U16*20% -> 21896000 | X16: 20215352 | Y16: SD NEGERI 2 CILEDUGWETAN | Z16: 120520000 | AA16: =Z16/920000 -> 131 | AB16: =Z16*20% -> 24104000 | AC16: 20215347 | AD16: SD NEGERI 2 GINTUNG KIDUL | AE16: 290720000 | AF16: =AE16/920000 -> 316 | AG16: =AE16*20% -> 58144000 | AH16: 20215062 | AI16: SD NEGERI 1 KASUGENGAN LOR | AJ16: 269560000 | AK16: =AJ16/920000 -> 293 | AL16: =AJ16*20% -> 53912000 | AM16: 20215361 | AN16: SD NEGERI 2 CIKALAHANG | AO16: 132480000 | AP16: =AO16/920000 -> 144 | AQ16: =AO16*20% -> 26496000 | AR16: 20215098 | AS16: SD NEGERI 1 KALIMARO | AT16: 394680000 | AU16: =AT16/920000 -> 429 | AV16: =AT16*20% -> 78936000 | AW16: 20214958 | AX16: SD NEGERI 4 JAGAPURA LOR | AY16: 206080000 | AZ16: =AY16/920000 -> 224 | BA16: =AY16*20% -> 41216000 | BB16: 20214510 | BC16: SD NEGERI 2 WINONG | BD16: 339480000 | BE16: =BD16/920000 -> 369 | BF16: =BD16*20% -> 67896000 | BG16: 20215272 | BH16: SD NEGERI 1 GUMULUNG TONGGOH | BI16: 409400000 | BJ16: =BI16/920000 -> 445 | BK16: =BI16*20% -> 81880000 | BL16: 20244371 | BM16: SD NEGERI 1 PASINDANGAN | BN16: 244720000 | BO16: =BN16/920000 -> 266 | BP16: =BN16*20% -> 48944000 | BQ16: 20215243 | BR16: SD NEGERI 1 BAKUNG KIDUL | BS16: 230920000 | BT16: =BS16/920000 -> 251 | BU16: =BS16*20% -> 46184000 | BV16: 20215269 | BW16: SD NEGERI 1 GUWA KIDUL | BX16: 210680000 | BY16: =BX16/920000 -> 229 | BZ16: =BX16*20% -> 42136000 | CA16: 20214911 | CB16: SD NEGERI 4 PEGAGAN KIDUL | CC16: 245640000 | CD16: =CC16/920000 -> 267 | CE16: =CC16*20% -> 49128000 | CF16: 20215053 | CG16: SD NEGERI 1 KARANGSEMBUNG | CH16: 58880000 | CI16: =CH16/920000 -> 64 | CJ16: =CH16*20% -> 11776000 | CK16: Total | CM16: =SUM(CM5:CM15) -> 2128880000 | CN16: =SUM(CN5:CN15) -> 2314 | CO16: =SUM(CO5:CO15) -> 425776000 | CP16: 20215054 | CQ16: SD NEGERI 1 KEDUNGJAYA | CR16: 562120000 | CS16: =CR16/920000 -> 611 | CT16: =CR16*20% -> 112424000 | CU16: 20215239 | CV16: SD NEGERI 1 BANGODUA | CW16: 160080000 | CX16: =CW16/920000 -> 174 | CY16: =CW16*20% -> 32016000 | CZ16: 20215506 | DA16: UPTD SD NEGERI 1 SIGONG | DB16: 272320000 | DC16: =DB16/920000 -> 296 | DD16: =DB16*20% -> 54464000 | DE16: 20215092 | DF16: SD NEGERI 1 KALIRAHAYU | DG16: 334880000 | DH16: =DG16/920000 -> 364 | DI16: =DG16*20% -> 66976000 | DJ16: 20215282 | DK16: SD NEGERI 1 CITEMU | DL16: 178480000 | DM16: =DL16/920000 -> 194 | DN16: =DL16*20% -> 35696000 | DO16: 20215094 | DP16: SD NEGERI 1 KALIMUKTI | DQ16: 223560000 | DR16: =DQ16/920000 -> 243 | DS16: =DQ16*20% -> 44712000 | DT16: 20215133 | DU16: SD NEGERI 1 PABUARAN LOR | DV16: 317400000 | DW16: =DV16/920000 -> 345 | DX16: =DV16*20% -> 63480000 | DY16: 20215206 | DZ16: SD NEGERI 1 CENGKUANG | EA16: 442520000 | EB16: =EA16/920000 -> 481 | EC16: =EA16*20% -> 88504000 | ED16: 20215520 | EE16: SD NEGERI 1 RAWAURIP | EF16: 176640000 | EG16: =EF16/920000 -> 192 | EH16: =EF16*20% -> 35328000 | EI16: 20215273 | EJ16: UPTD SD NEGERI 1 GUJEG | EK16: 150880000 | EL16: =EK16/920000 -> 164 | EM16: =EK16*20% -> 30176000 | EN16: Total | EP16: =SUM(EP5:EP15) -> 1964200000 | EQ16: =SUM(EQ5:EQ15) -> 2135 | ER16: =SUM(ER5:ER15) -> 392840000 | ES16: 20214543 | ET16: SD NEGERI 3 PANEMBAHAN | EU16: 247480000 | EV16: =EU16/920000 -> 269 | EW16: =EU16*20% -> 49496000 | EX16: 20215492 | EY16: SD NEGERI 1 PLUMBON | EZ16: 102120000 | FA16: =EZ16/920000 -> 111 | FB16: =EZ16*20% -> 20424000 | FC16: 20214647 | FD16: SD NEGERI 2 PANONGAN LOR | FE16: 149960000 | FF16: =FE16/920000 -> 163 | FG16: =FE16*20% -> 29992000 | FH16: 20215593 | FI16: SD NEGERI 1 WATUBELAH | FJ16: 327520000 | FK16: =FJ16/920000 -> 356 | FL16: =FJ16*20% -> 65504000 | FM16: 20215038 | FN16: SD NEGERI 1 KARANGREJA | FO16: 208840000 | FP16: =FO16/920000 -> 227 | FQ16: =FO16*20% -> 41768000 | FR16: 20214936 | FS16: SD NEGERI 3 UJUNGGEBANG | FT16: 185840000 | FU16: =FT16/920000 -> 202 | FV16: =FT16*20% -> 37168000 | FW16: 20215100 | FX16: SD NEGERI 1 KALIGAWE WETAN | FY16: 181240000 | FZ16: =FY16/920000 -> 197 | GA16: =FY16*20% -> 36248000 | GB16: 20215169 | GC16: SD NEGERI 1 KUBANG | GD16: 216200000 | GE16: =GD16/920000 -> 235 | GF16: =GD16*20% -> 43240000 | GG16: 20214959 | GH16: SD NEGERI 4 DAWUAN | GI16: 137080000 | GJ16: =GI16/920000 -> 149 | GK16: =GI16*20% -> 27416000 | GL16: 20215193 | GM16: UPTD SD NEGERI 1 CIKULAK KIDUL | GN16: 636640000 | GO16: =GN16/920000 -> 692 | GP16: =GN16*20% -> 127328000 | GQ16: 20215142 | GR16: SD NEGERI 1 KERTASARI | GS16: 138920000 | GT16: =GS16/920000 -> 151 | GU16: =GS16*20% -> 27784000
C17: 13 | D17: 20214955 | E17: SD NEGERI 4 JUNGJANG WETAN | F17: 90160000 | G17: =F17/920000 -> 98 | H17: =F17*20% -> 18032000 | I17: 20215543 | J17: SD NEGERI 2 BUNTET | K17: 248400000 | L17: =K17/920000 -> 270 | M17: =K17*20% -> 49680000 | N17: 20215387 | O17: UPTD SD NEGERI 2 KARANGWANGUN | P17: 334880000 | Q17: =P17/920000 -> 364 | R17: =P17*20% -> 66976000 | S17: 20215466 | T17: SD NEGERI 1 SINDANGKASIH | U17: 152720000 | V17: =U17/920000 -> 166 | W17: =U17*20% -> 30544000 | X17: 20215078 | Y17: SD NEGERI 1 JATISEENG KIDUL | Z17: 467360000 | AA17: =Z17/920000 -> 508 | AB17: =Z17*20% -> 93472000 | AC17: 20214498 | AD17: SD NEGERI 3 GINTUNG KIDUL | AE17: 139840000 | AF17: =AE17/920000 -> 152 | AG17: =AE17*20% -> 27968000 | AH17: 20215063 | AI17: SD NEGERI 1 KASUGENGAN KIDUL | AJ17: 157320000 | AK17: =AJ17/920000 -> 171 | AL17: =AJ17*20% -> 31464000 | AM17: 20215303 | AN17: SD NEGERI 1 DUKUPUNTANG | AO17: 70840000 | AP17: =AO17/920000 -> 77 | AQ17: =AO17*20% -> 14168000 | AR17: 20244365 | AS17: SD NEGERI 1 MELAKASARI | AT17: 314640000 | AU17: =AT17/920000 -> 342 | AV17: =AT17*20% -> 62928000 | AW17: 20215233 | AX17: SD NEGERI 1 BAYALANGU LOR | AY17: 436080000 | AZ17: =AY17/920000 -> 474 | BA17: =AY17*20% -> 87216000 | BB17: 20215589 | BC17: SD NEGERI 1 WINONG | BD17: 405720000 | BE17: =BD17/920000 -> 441 | BF17: =BD17*20% -> 81144000 | BG17: 20215251 | BH17: SD NEGERI 1 GUMULUNG LEBAK | BI17: 210680000 | BJ17: =BI17/920000 -> 229 | BK17: =BI17*20% -> 42136000 | BL17: 20214949 | BM17: SD NEGERI 4 KLAYAN | BN17: 241960000 | BO17: =BN17/920000 -> 263 | BP17: =BN17*20% -> 48392000 | BQ17: 20214650 | BR17: SD NEGERI 2 ORIMALANG | BS17: 107640000 | BT17: =BS17/920000 -> 117 | BU17: =BS17*20% -> 21528000 | BV17: 20215337 | BW17: SD NEGERI 2 GUWA KIDUL | BX17: 282440000 | BY17: =BX17/920000 -> 307 | BZ17: =BX17*20% -> 56488000 | CA17: 20214922 | CB17: SD NEGERI 1 KAPETAKAN | CC17: 347760000 | CD17: =CC17/920000 -> 378 | CE17: =CC17*20% -> 69552000 | CF17: 20215475 | CG17: SD NEGERI 1 TAMBELANG | CH17: 230000000 | CI17: =CH17/920000 -> 250 | CJ17: =CH17*20% -> 46000000 | CP17: 20215055 | CQ17: SD NEGERI 1 KEDUNGDAWA | CR17: 262200000 | CS17: =CR17/920000 -> 285 | CT17: =CR17*20% -> 52440000 | CU17: 20215371 | CV17: SD NEGERI 2 DANAWINANGUN | CW17: 204240000 | CX17: =CW17/920000 -> 222 | CY17: =CW17*20% -> 40848000 | CZ17: 20246442 | DA17: SD NEGERI 1 PICUNGPUGUR | DB17: 106720000 | DC17: =DB17/920000 -> 116 | DD17: =DB17*20% -> 21344000 | DE17: 20214620 | DF17: SD NEGERI 2 PANGGANGSARI | DG17: 234600000 | DH17: =DG17/920000 -> 255 | DI17: =DG17*20% -> 46920000 | DJ17: 20215509 | DK17: SD NEGERI 1 SETUPATOK | DL17: 380880000 | DM17: =DL17/920000 -> 414 | DN17: =DL17*20% -> 76176000 | DO17: 20214487 | DP17: SD NEGERI 2 KALIBUNTU | DQ17: 56120000 | DR17: =DQ17/920000 -> 61 | DS17: =DQ17*20% -> 11224000 | DT17: Total | DV17: =SUM(DV5:DV16) -> 2946760000 | DW17: =SUM(DW5:DW16) -> 3203 | DX17: =SUM(DX5:DX16) -> 589352000 | DY17: 20215514 | DZ17: SD NEGERI 1 SEMPLO | EA17: 163760000 | EB17: =EA17/920000 -> 178 | EC17: =EA17*20% -> 32752000 | ED17: 20244358 | EE17: SD NEGERI 1 JAPURA LOR | EF17: 125120000 | EG17: =EF17/920000 -> 136 | EH17: =EF17*20% -> 25024000 | EI17: 20214921 | EJ17: SD NEGERI 1 KARANGANYAR | EK17: 305440000 | EL17: =EK17/920000 -> 332 | EM17: =EK17*20% -> 61088000 | ES17: 20215051 | ET17: SD NEGERI 1 KALIWULU | EU17: 290720000 | EV17: =EU17/920000 -> 316 | EW17: =EU17*20% -> 58144000 | EX17: 20215399 | EY17: SD NEGERI 1 KEBAREPAN | EZ17: 211600000 | FA17: =EZ17/920000 -> 230 | FB17: =EZ17*20% -> 42320000 | FC17: 20215590 | FD17: SD NEGERI 1 WINDUJAYA | FE17: 186760000 | FF17: =FE17/920000 -> 203 | FG17: =FE17*20% -> 37352000 | FH17: 20215496 | FI17: SD NEGERI 1 PERBUTULAN | FJ17: 223560000 | FK17: =FJ17/920000 -> 243 | FL17: =FJ17*20% -> 44712000 | FM17: 20215484 | FN17: SD NEGERI 1 SURANENGGALA | FO17: 342240000 | FP17: =FO17/920000 -> 372 | FQ17: =FO17*20% -> 68448000 | FR17: 20215587 | FS17: SD NEGERI 1 WIYONG | FT17: 276920000 | FU17: =FT17/920000 -> 301 | FV17: =FT17*20% -> 55384000 | FW17: 20252017 | FX17: SD NEGERI 2 CIAWIJAPURA | FY17: 198720000 | FZ17: =FY17/920000 -> 216 | GA17: =FY17*20% -> 39744000 | GB17: 20215569 | GC17: SD NEGERI 1 WANASABA KIDUL | GD17: 109480000 | GE17: =GD17/920000 -> 119 | GF17: =GD17*20% -> 21896000 | GG17: 20215404 | GH17: SD NEGERI 2 KEMLAKA GEDE | GI17: 263120000 | GJ17: =GI17/920000 -> 286 | GK17: =GI17*20% -> 52624000 | GL17: 20215194 | GM17: SD NEGERI 1 CIKULAK | GN17: 275080000 | GO17: =GN17/920000 -> 299 | GP17: =GN17*20% -> 55016000 | GQ17: 20215112 | GR17: SD NEGERI 1 MEGUGEDE | GS17: 455400000 | GT17: =GS17/920000 -> 495 | GU17: =GS17*20% -> 91080000
C18: 14 | D18: 20215248 | E18: SD NEGERI 1 GEYONGAN | F18: 391000000 | G18: =F18/920000 -> 425 | H18: =F18*20% -> 78200000 | I18: 20244366 | J18: SD NEGERI 1 MUNJUL | K18: 299000000 | L18: =K18/920000 -> 325 | M18: =K18*20% -> 59800000 | N18: 20215470 | O18: SD NEGERI 1 SUMBERKIDUL | P18: 241040000 | Q18: =P18/920000 -> 262 | R18: =P18*20% -> 48208000 | S18: 20214743 | T18: SD NEGERI 2 SINDANGKASIH | U18: 237360000 | V18: =U18/920000 -> 258 | W18: =U18*20% -> 47472000 | X18: 20215175 | Y18: SD NEGERI 1 CILEDUG KULON | Z18: 354200000 | AA18: =Z18/920000 -> 385 | AB18: =Z18*20% -> 70840000 | AC18: 20215262 | AD18: SD NEGERI 1 GINTUNG RANJENG | AE18: 142600000 | AF18: =AE18/920000 -> 155 | AG18: =AE18*20% -> 28520000 | AH18: 20244361 | AI18: SD NEGERI 1 KARANGWANGI | AJ18: 313720000 | AK18: =AJ18/920000 -> 341 | AL18: =AJ18*20% -> 62744000 | AM18: 20214559 | AN18: SD NEGERI 3 SINDANGJAWA | AO18: 107640000 | AP18: =AO18/920000 -> 117 | AQ18: =AO18*20% -> 21528000 | AR18: 20215260 | AS18: SD NEGERI 1 GEBANGMEKAR | AT18: 182160000 | AU18: =AT18/920000 -> 198 | AV18: =AT18*20% -> 36432000 | AW18: 20215256 | AX18: SD NEGERI 1 GEGESIK LOR | AY18: 90160000 | AZ18: =AY18/920000 -> 98 | BA18: =AY18*20% -> 18032000 | BB18: 20214946 | BC18: SD NEGERI 3 WINONG | BD18: 96600000 | BE18: =BD18/920000 -> 105 | BF18: =BD18*20% -> 19320000 | BG18: 20215342 | BH18: SD NEGERI 2 GREGED | BI18: 115000000 | BJ18: =BI18/920000 -> 125 | BK18: =BI18*20% -> 23000000 | BL18: 20215084 | BM18: SD NEGERI 1 JADIMULYA | BN18: 224480000 | BO18: =BN18/920000 -> 244 | BP18: =BN18*20% -> 44896000 | BQ18: 20215451 | BR18: SD NEGERI 2 JAMBLANG | BS18: 150880000 | BT18: =BS18/920000 -> 164 | BU18: =BS18*20% -> 30176000 | BV18: 20215268 | BW18: SD NEGERI 1 GUWA LOR | BX18: 305440000 | BY18: =BX18/920000 -> 332 | BZ18: =BX18*20% -> 61088000 | CA18: 20215500 | CB18: SD NEGERI 1 PEGAGAN LOR | CC18: 323840000 | CD18: =CC18/920000 -> 352 | CE18: =CC18*20% -> 64768000 | CF18: 20215046 | CG18: SD NEGERI 1 KARANGMALANG | CH18: 227240000 | CI18: =CH18/920000 -> 247 | CJ18: =CH18*20% -> 45448000 | CP18: Total | CR18: =SUM(CR5:CR17) -> 3154680000 | CS18: =SUM(CS5:CS17) -> 3429 | CT18: =SUM(CT5:CT17) -> 630936000 | CU18: 20215510 | CV18: SD NEGERI 1 SERANG | CW18: 179400000 | CX18: =CW18/920000 -> 195 | CY18: =CW18*20% -> 35880000 | CZ18: 20244513 | DA18: SD NEGERI 4 SIGONG | DB18: 197800000 | DC18: =DB18/920000 -> 215 | DD18: =DB18*20% -> 39560000 | DE18: 20215139 | DF18: SD NEGERI 1 LOSARI LOR | DG18: 224480000 | DH18: =DG18/920000 -> 244 | DI18: =DG18*20% -> 44896000 | DJ18: 20214623 | DK18: SD NEGERI 2 PAMENGKANG | DL18: 223560000 | DM18: =DL18/920000 -> 243 | DN18: =DL18*20% -> 44712000 | DO18: 20244380 | DP18: SD NEGERI 1 SIDARESMI | DQ18: 161920000 | DR18: =DQ18/920000 -> 176 | DS18: =DQ18*20% -> 32384000 | DY18: 20215145 | DZ18: SD NEGERI 1 KEPUH | EA18: 331200000 | EB18: =EA18/920000 -> 360 | EC18: =EA18*20% -> 66240000 | ED18: Total | EF18: =SUM(EF5:EF17) -> 2855680000 | EG18: =SUM(EG5:EG17) -> 3104 | EH18: =SUM(EH5:EH17) -> 571136000 | EI18: Total | EK18: =SUM(EK5:EK17) -> 3068200000 | EL18: =SUM(EL5:EL17) -> 3335 | EM18: =SUM(EM5:EM17) -> 613640000 | ES18: 20215578 | ET18: SD NEGERI 1 TRUSMI KULON | EU18: 369840000 | EV18: =EU18/920000 -> 402 | EW18: =EU18*20% -> 73968000 | EX18: 20215036 | EY18: SD NEGERI 1 KEDUNGSANA | EZ18: 216200000 | FA18: =EZ18/920000 -> 235 | FB18: =EZ18*20% -> 43240000 | FC18: 20214916 | FD18: SD NEGERI 1 KERTAWANGUN | FE18: 133400000 | FF18: =FE18/920000 -> 145 | FG18: =FE18*20% -> 26680000 | FH18: 20215148 | FI18: SD NEGERI 1 KENANGA | FJ18: 63480000 | FK18: =FJ18/920000 -> 69 | FL18: =FJ18*20% -> 12696000 | FM18: 20214578 | FN18: SD NEGERI 3 PURWAWINANGUN | FO18: 132480000 | FP18: =FO18/920000 -> 144 | FQ18: =FO18*20% -> 26496000 | FR18: 20215415 | FS18: SD NEGERI 2 KEDONGDONG | FT18: 186760000 | FU18: =FT18/920000 -> 203 | FV18: =FT18*20% -> 37352000 | FW18: 20215101 | FX18: SD NEGERI 1 KALIGAWE | FY18: 109480000 | FZ18: =FY18/920000 -> 119 | GA18: =FY18*20% -> 21896000 | GB18: 20215568 | GC18: SD NEGERI 1 WANASABA LOR | GD18: 177560000 | GE18: =GD18/920000 -> 193 | GF18: =GD18*20% -> 35512000 | GG18: Total | GI18: =SUM(GI5:GI17) -> 3598120000 | GJ18: =SUM(GJ5:GJ17) -> 3911 | GK18: =SUM(GK5:GK17) -> 719624000 | GL18: 20215201 | GM18: SD NEGERI 1 CIBOGO | GN18: 252080000 | GO18: =GN18/920000 -> 274 | GP18: =GN18*20% -> 50416000 | GQ18: 20214686 | GR18: SD NEGERI 2 KERTASARI | GS18: 111320000 | GT18: =GS18/920000 -> 121 | GU18: =GS18*20% -> 22264000
C19: 15 | D19: 20214906 | E19: SD NEGERI 5 ARJAWINANGUN | F19: 422280000 | G19: =F19/920000 -> 459 | H19: =F19*20% -> 84456000 | I19: 20215507 | J19: SD NEGERI 1 SIDAMULYA | K19: 232760000 | L19: =K19/920000 -> 253 | M19: =K19*20% -> 46552000 | N19: 20214701 | O19: SD NEGERI 2 SUMBERKIDUL | P19: 200560000 | Q19: =P19/920000 -> 218 | R19: =P19*20% -> 40112000 | S19: 20215171 | T19: SD NEGERI 1 KONDANGSARI | U19: 387320000 | V19: =U19/920000 -> 421 | W19: =U19*20% -> 77464000 | X19: 20215373 | Y19: SD NEGERI 2 DAMARGUNA | Z19: 366160000 | AA19: =Z19/920000 -> 398 | AB19: =Z19*20% -> 73232000 | AC19: Total | AE19: =SUM(AE5:AE18) -> 3217240000 | AF19: =SUM(AF5:AF18) -> 3497 | AG19: =SUM(AG5:AG18) -> 643448000 | AH19: 20215414 | AI19: SD NEGERI 2 KEDUANAN | AJ19: 130640000 | AK19: =AJ19/920000 -> 142 | AL19: =AJ19*20% -> 26128000 | AM19: 20214478 | AN19: SD NEGERI 3 CISAAT | AO19: 89240000 | AP19: =AO19/920000 -> 97 | AQ19: =AO19*20% -> 17848000 | AR19: 20215096 | AS19: SD NEGERI 1 KALIMEKAR | AT19: 235520000 | AU19: =AT19/920000 -> 256 | AV19: =AT19*20% -> 47104000 | AW19: 20215235 | AX19: SD NEGERI 1 BAYALANGU KIDUL | AY19: 202400000 | AZ19: =AY19/920000 -> 220 | BA19: =AY19*20% -> 40480000 | BB19: 20215149 | BC19: SD NEGERI 1 KEMPEK | BD19: 350520000 | BE19: =BD19/920000 -> 381 | BF19: =BD19*20% -> 70104000 | BG19: 20215302 | BH19: SD NEGERI 1 DURAJAYA | BI19: 370760000 | BJ19: =BI19/920000 -> 403 | BK19: =BI19*20% -> 74152000 | BL19: 20215091 | BM19: SD NEGERI 1 KALISAPU | BN19: 158240000 | BO19: =BN19/920000 -> 172 | BP19: =BN19*20% -> 31648000 | BQ19: 20215529 | BR19: SD NEGERI 2 BAKUNG LOR | BS19: 96600000 | BT19: =BS19/920000 -> 105 | BU19: =BS19*20% -> 19320000 | BV19: 20215442 | BW19: SD NEGERI 2 KALIWEDI KIDUL | BX19: 80960000 | BY19: =BX19/920000 -> 88 | BZ19: =BX19*20% -> 16192000 | CA19: 20215368 | CB19: SD NEGERI 2 DUKUH | CC19: 151800000 | CD19: =CC19/920000 -> 165 | CE19: =CC19*20% -> 30360000 | CF19: 20215390 | CG19: SD NEGERI 2 KARANGSUWUNG | CH19: 204240000 | CI19: =CH19/920000 -> 222 | CJ19: =CH19*20% -> 40848000 | CU19: 20214554 | CV19: SD NEGERI 3 PEKANTINGAN | CW19: 35880000 | CX19: =CW19/920000 -> 39 | CY19: =CW19*20% -> 7176000 | CZ19: 20246445 | DA19: SD NEGERI 1 TUK KARANGSUWUNG | DB19: 185840000 | DC19: =DB19/920000 -> 202 | DD19: =DB19*20% -> 37168000 | DE19: 20215090 | DF19: SD NEGERI 1 KALISARI | DG19: 325680000 | DH19: =DG19/920000 -> 354 | DI19: =DG19*20% -> 65136000 | DJ19: 20214896 | DK19: SD NEGERI 1 MUNDUMESIGIT | DL19: 225400000 | DM19: =DL19/920000 -> 245 | DN19: =DL19*20% -> 45080000 | DO19: 20215226 | DP19: SD NEGERI 1 BABAKANLOSARI | DQ19: 184000000 | DR19: =DQ19/920000 -> 200 | DS19: =DQ19*20% -> 36800000 | DY19: 20215290 | DZ19: SD NEGERI 1 CILUKRAK | EA19: 310960000 | EB19: =EA19/920000 -> 338 | EC19: =EA19*20% -> 62192000 | ES19: 20246447 | ET19: SD NEGERI 2 CANGKRING | EU19: 219880000 | EV19: =EU19/920000 -> 239 | EW19: =EU19*20% -> 43976000 | EX19: 20215276 | EY19: SD NEGERI 1 GOMBANG | EZ19: 471960000 | FA19: =EZ19/920000 -> 513 | FB19: =EZ19*20% -> 94392000 | FC19: 20246446 | FD19: SD NEGERI 1 WINDUHAJI | FE19: 136160000 | FF19: =FE19/920000 -> 148 | FG19: =FE19*20% -> 27232000 | FH19: 20214951 | FI19: SD NEGERI 4 KENANGA | FJ19: 560280000 | FK19: =FJ19/920000 -> 609 | FL19: =FJ19*20% -> 112056000 | FM19: 20215481 | FN19: SD NEGERI 1 SURANENGGALA LOR | FO19: 60720000 | FP19: =FO19/920000 -> 66 | FQ19: =FO19*20% -> 12144000 | FR19: 20215480 | FS19: SD NEGERI 1 SUSUKAN | FT19: 529000000 | FU19: =FT19/920000 -> 575 | FV19: =FT19*20% -> 105800000 | FW19: 20215039 | FX19: SD NEGERI 1 KARANGMANGU | FY19: 226320000 | FZ19: =FY19/920000 -> 246 | GA19: =FY19*20% -> 45264000 | GB19: 20214705 | GC19: SD NEGERI 2 WANASABA LOR | GD19: 120520000 | GE19: =GD19/920000 -> 131 | GF19: =GD19*20% -> 24104000 | GL19: 20215362 | GM19: SD NEGERI 2 CIBOGO | GN19: 417680000 | GO19: =GN19/920000 -> 454 | GP19: =GN19*20% -> 83536000 | GQ19: 20214573 | GR19: SD NEGERI 3 SETU WETAN | GS19: 334880000 | GT19: =GS19/920000 -> 364 | GU19: =GS19*20% -> 66976000
C20: 16 | D20: 20214905 | E20: SD NEGERI 5 JUNGJANG | F20: 305440000 | G20: =F20/920000 -> 332 | H20: =F20*20% -> 61088000 | I20: 20214551 | J20: SD NEGERI 3 MERTAPADAKULON | K20: 108560000 | L20: =K20/920000 -> 118 | M20: =K20*20% -> 21712000 | N20: 20215131 | O20: SD NEGERI 1 PAKUSAMBEN | P20: 385480000 | Q20: =P20/920000 -> 419 | R20: =P20*20% -> 77096000 | S20: 20214662 | T20: SD NEGERI 2 KONDANGSARI | U20: 237360000 | V20: =U20/920000 -> 258 | W20: =U20*20% -> 47472000 | X20: Total | Z20: =SUM(Z5:Z19) -> 3665280000 | AA20: =SUM(AA5:AA19) -> 3984 | AB20: =SUM(AB5:AB19) -> 733056000 | AH20: 20215597 | AI20: SD NEGERI 1 WARUGEDE | AJ20: 87400000 | AK20: =AJ20/920000 -> 95 | AL20: =AJ20*20% -> 17480000 | AM20: 20214481 | AN20: SD NEGERI 3 CIPANAS | AO20: 57040000 | AP20: =AO20/920000 -> 62 | AQ20: =AO20*20% -> 11408000 | AR20: 20215493 | AS20: SD NEGERI 1 PLAYANGAN | AT20: 328440000 | AU20: =AT20/920000 -> 357 | AV20: =AT20*20% -> 65688000 | AW20: 20244355 | AX20: SD NEGERI 1 JAGAPURA KIDUL | AY20: 121440000 | AZ20: =AY20/920000 -> 132 | BA20: =AY20*20% -> 24288000 | BB20: Total | BD20: =SUM(BD5:BD19) -> 3571440000 | BE20: =SUM(BE5:BE19) -> 3882 | BF20: =SUM(BF5:BF19) -> 714288000 | BG20: Total | BI20: =SUM(BI5:BI19) -> 5251360000 | BJ20: =SUM(BJ5:BJ19) -> 5708 | BK20: =SUM(BK5:BK19) -> 1050272000 | BL20: 20215172 | BM20: SD NEGERI 1 KLAYAN | BN20: 194120000 | BO20: =BN20/920000 -> 211 | BP20: =BN20*20% -> 38824000 | BQ20: 20244393 | BR20: SD NEGERI 2 BOJONG LOR | BS20: 119600000 | BT20: =BS20/920000 -> 130 | BU20: =BS20*20% -> 23920000 | BV20: Total | BX20: =SUM(BX5:BX19) -> 3230120000 | BY20: =SUM(BY5:BY19) -> 3511 | BZ20: =SUM(BZ5:BZ19) -> 646024000 | CA20: 20215180 | CB20: SD NEGERI 1 BUNGKO | CC20: 391000000 | CD20: =CC20/920000 -> 425 | CE20: =CC20*20% -> 78200000 | CF20: 20215067 | CG20: SD NEGERI 1 KARANGTENGAH | CH20: 75440000 | CI20: =CH20/920000 -> 82 | CJ20: =CH20*20% -> 15088000 | CU20: 20215157 | CV20: SD NEGERI 1 KLANGENAN | CW20: 384560000 | CX20: =CW20/920000 -> 418 | CY20: =CW20*20% -> 76912000 | CZ20: 20215287 | DA20: UPTD SD NEGERI 1 CIPEUJEUH KULON | DB20: 269560000 | DC20: =DB20/920000 -> 293 | DD20: =DB20*20% -> 53912000 | DE20: 20214507 | DF20: SD NEGERI 3 AMBULU | DG20: 135240000 | DH20: =DG20/920000 -> 147 | DI20: =DG20*20% -> 27048000 | DJ20: 20215118 | DK20: SD NEGERI 1 LUWUNG | DL20: 199640000 | DM20: =DL20/920000 -> 217 | DN20: =DL20*20% -> 39928000 | DO20: 20214520 | DP20: SD NEGERI 3 BABAKANLOSARI | DQ20: 137080000 | DR20: =DQ20/920000 -> 149 | DS20: =DQ20*20% -> 27416000 | DY20: 20215240 | DZ20: SD NEGERI 1 BALERANTE | EA20: 460920000 | EB20: =EA20/920000 -> 501 | EC20: =EA20*20% -> 92184000 | ES20: 20214596 | ET20: SD NEGERI 3 KALIWULU | EU20: 215280000 | EV20: =EU20/920000 -> 234 | EW20: =EU20*20% -> 43056000 | EX20: 20244373 | EY20: SD NEGERI 1 PESANGGRAHAN | EZ20: 245640000 | FA20: =EZ20/920000 -> 267 | FB20: =EZ20*20% -> 49128000 | FC20: 20215014 | FD20: UPTD SDN 1 Panongan | FE20: 395600000 | FF20: =FE20/920000 -> 430 | FG20: =FE20*20% -> 79120000 | FH20: 20215454 | FI20: SD NEGERI 1 SUMBER | FJ20: 242880000 | FK20: =FJ20/920000 -> 264 | FL20: =FJ20*20% -> 48576000 | FM20: 20215106 | FN20: SD NEGERI 1 MUARA | FO20: 208840000 | FP20: =FO20/920000 -> 227 | FQ20: =FO20*20% -> 41768000 | FR20: 20215429 | FS20: SD NEGERI 2 JATIANOM | FT20: 281520000 | FU20: =FT20/920000 -> 306 | FV20: =FT20*20% -> 56304000 | FW20: 20215011 | FX20: SD NEGERI 1 SAMPIH | FY20: 220800000 | FZ20: =FY20/920000 -> 240 | GA20: =FY20*20% -> 44160000 | GB20: 20215452 | GC20: SD NEGERI 2 CEMPAKA | GD20: 296240000 | GE20: =GD20/920000 -> 322 | GF20: =GD20*20% -> 59248000 | GL20: 20215219 | GM20: SD NEGERI 1 AMBIT | GN20: 193200000 | GO20: =GN20/920000 -> 210 | GP20: =GN20*20% -> 38640000 | GQ20: 20244378 | GR20: SD NEGERI 1 SETU KULON | GS20: 248400000 | GT20: =GS20/920000 -> 270 | GU20: =GS20*20% -> 49680000
C21: 17 | D21: 20215074 | E21: SD NEGERI 1 JUNGJANG WETAN | F21: 209760000 | G21: =F21/920000 -> 228 | H21: =F21*20% -> 41952000 | I21: 20215178 | J21: SD NEGERI 1 BUNTET | K21: 236440000 | L21: =K21/920000 -> 257 | M21: =K21*20% -> 47288000 | N21: 20244348 | O21: SD NEGERI 1 BABAKAN | P21: 200560000 | Q21: =P21/920000 -> 218 | R21: =P21*20% -> 40112000 | S21: 20215468 | T21: SD NEGERI 1 SINDANGHAYU | U21: 139840000 | V21: =U21/920000 -> 152 | W21: =U21*20% -> 27968000 | AH21: 20215384 | AI21: SD NEGERI 2 KASUGENGAN LOR | AJ21: 240120000 | AK21: =AJ21/920000 -> 261 | AL21: =AJ21*20% -> 48024000 | AM21: 20215349 | AN21: SD NEGERI 2 DUKUPUNTANG | AO21: 89240000 | AP21: =AO21/920000 -> 97 | AQ21: =AO21*20% -> 17848000 | AR21: 20215278 | AS21: SD NEGERI 1 GEBANG KULON | AT21: 445280000 | AU21: =AT21/920000 -> 484 | AV21: =AT21*20% -> 89056000 | AW21: 20244353 | AX21: SD NEGERI 1 GEGESIK WETAN | AY21: 264040000 | AZ21: =AY21/920000 -> 287 | BA21: =AY21*20% -> 52808000 | BL21: 20215107 | BM21: SD NEGERI 1 MERTASINGA | BN21: 203320000 | BO21: =BN21/920000 -> 221 | BP21: =BN21*20% -> 40664000 | BQ21: 20215187 | BR21: SD NEGERI 1 BOJONG LOR | BS21: 241960000 | BT21: =BS21/920000 -> 263 | BU21: =BS21*20% -> 48392000 | CA21: 20214553 | CB21: SD NEGERI 3 PEGAGAN KIDUL | CC21: 70840000 | CD21: =CC21/920000 -> 77 | CE21: =CC21*20% -> 14168000 | CF21: 20214692 | CG21: SD NEGERI 2 TAMBELANG | CH21: 82800000 | CI21: =CH21/920000 -> 90 | CJ21: =CH21*20% -> 16560000 | CU21: 20215076 | CV21: SD NEGERI 1 JEMARAS LOR | CW21: 728640000 | CX21: =CW21/920000 -> 792 | CY21: =CW21*20% -> 145728000 | CZ21: 20215230 | DA21: SD NEGERI 1 BELAWA | DB21: 285200000 | DC21: =DB21/920000 -> 310 | DD21: =DB21*20% -> 57040000 | DE21: Total | DG21: =SUM(DG5:DG20) -> 3543840000 | DH21: =SUM(DH5:DH20) -> 3852 | DI21: =SUM(DI5:DI20) -> 708768000 | DJ21: 20244367 | DK21: SD NEGERI 1 PAMENGKANG | DL21: 257600000 | DM21: =DL21/920000 -> 280 | DN21: =DL21*20% -> 51520000 | DO21: 20215135 | DP21: SD NEGERI 1 PABEDILANWETAN | DQ21: 309120000 | DR21: =DQ21/920000 -> 336 | DS21: =DQ21*20% -> 61824000 | DY21: 20215582 | DZ21: SD NEGERI 1 TEGALKARANG | EA21: 127880000 | EB21: =EA21/920000 -> 139 | EC21: =EA21*20% -> 25576000 | ES21: 20215577 | ET21: SD NEGERI 1 TRUSMI WETAN | EU21: 283360000 | EV21: =EU21/920000 -> 308 | EW21: =EU21*20% -> 56672000 | EX21: 20215115 | EY21: SD NEGERI 1 MARIKANGEN | EZ21: 300840000 | FA21: =EZ21/920000 -> 327 | FB21: =EZ21*20% -> 60168000 | FC21: 20215504 | FD21: SD NEGERI 1 PUTAT | FE21: 335800000 | FF21: =FE21/920000 -> 365 | FG21: =FE21*20% -> 67160000 | FH21: 20214702 | FI21: UPTD SD NEGERI 2 SUMBER | FJ21: 304520000 | FK21: =FJ21/920000 -> 331 | FL21: =FJ21*20% -> 60904000 | FM21: Total | FO21: =SUM(FO5:FO20) -> 3704840000 | FP21: =SUM(FP5:FP20) -> 4027 | FQ21: =SUM(FQ5:FQ20) -> 740968000 | FR21: 20214584 | FS21: SD NEGERI 3 KEDONGDONG | FT21: 283360000 | FU21: =FT21/920000 -> 308 | FV21: =FT21*20% -> 56672000 | FW21: Total | FY21: =SUM(FY5:FY20) -> 2859360000 | FZ21: =SUM(FZ5:FZ20) -> 3108 | GA21: =SUM(GA5:GA20) -> 571872000 | GB21: 20214728 | GC21: SD NEGERI 2 SAMPIRAN | GD21: 243800000 | GE21: =GD21/920000 -> 265 | GF21: =GD21*20% -> 48760000 | GL21: 20214503 | GM21: SD NEGERI 3 CIKULAK | GN21: 243800000 | GO21: =GN21/920000 -> 265 | GP21: =GN21*20% -> 48760000 | GQ21: 20215113 | GR21: SD NEGERI 1 MEGU CILIK | GS21: 192280000 | GT21: =GS21/920000 -> 209 | GU21: =GS21*20% -> 38456000
C22: 18 | D22: 20215421 | E22: SD NEGERI 2 JUNGJANGWETAN | F22: 200560000 | G22: =F22/920000 -> 218 | H22: =F22*20% -> 40112000 | I22: 20215147 | J22: SD NEGERI 1 KENDAL | K22: 240120000 | L22: =K22/920000 -> 261 | M22: =K22*20% -> 48024000 | N22: 20215003 | O22: SD NEGERI TERSANA BARU | P22: 415840000 | Q22: =P22/920000 -> 452 | R22: =P22*20% -> 83168000 | S22: 20215267 | T22: SD NEGERI 1 HALIMPU | U22: 181240000 | V22: =U22/920000 -> 197 | W22: =U22*20% -> 36248000 | AH22: 20214536 | AI22: SD NEGERI 2 WARUGEDE | AJ22: 145360000 | AK22: =AJ22/920000 -> 158 | AL22: =AJ22*20% -> 29072000 | AM22: 20215176 | AN22: SD NEGERI 1 CANGKOAK | AO22: 124200000 | AP22: =AO22/920000 -> 135 | AQ22: =AO22*20% -> 24840000 | AR22: 20215323 | AS22: SD NEGERI 2 GEBANG KULON | AT22: 188600000 | AU22: =AT22/920000 -> 205 | AV22: =AT22*20% -> 37720000 | AW22: 20215524 | AX22: SD NEGERI 2 BAYALANGU KIDUL | AY22: 203320000 | AZ22: =AY22/920000 -> 221 | BA22: =AY22*20% -> 40664000 | BL22: 20214497 | BM22: SD NEGERI 3 GROGOL | BN22: 74520000 | BO22: =BN22/920000 -> 81 | BP22: =BN22*20% -> 14904000 | BQ22: 20215185 | BR22: SD NEGERI 1 BOJONG WETAN | BS22: 172960000 | BT22: =BS22/920000 -> 188 | BU22: =BS22*20% -> 34592000 | CA22: 20214639 | CB22: SD NEGERI 2 PEGAGAN LOR | CC22: 210680000 | CD22: =CC22/920000 -> 229 | CE22: =CC22*20% -> 42136000 | CF22: 20215398 | CG22: SD NEGERI 2 KARANGMALANG | CH22: 128800000 | CI22: =CH22/920000 -> 140 | CJ22: =CH22*20% -> 25760000 | CU22: 20215077 | CV22: SD NEGERI 1 JEMARAS KIDUL | CW22: 172960000 | CX22: =CW22/920000 -> 188 | CY22: =CW22*20% -> 34592000 | CZ22: 20215380 | DA22: SD NEGERI 2 CIPEUJEUH WETAN | DB22: 178480000 | DC22: =DB22/920000 -> 194 | DD22: =DB22*20% -> 35696000 | DJ22: 20215105 | DK22: SD NEGERI 1 MUNDUPESISIR | DL22: 244720000 | DM22: =DL22/920000 -> 266 | DN22: =DL22*20% -> 48944000 | DO22: 20215227 | DP22: SD NEGERI 1 BABAKAN LOSARI LOR | DQ22: 86480000 | DR22: =DQ22/920000 -> 94 | DS22: =DQ22*20% -> 17296000 | DY22: 20214703 | DZ22: SD NEGERI 2 TEGALKARANG | EA22: 187680000 | EB22: =EA22/920000 -> 204 | EC22: =EA22*20% -> 37536000 | ES22: 20215298 | ET22: SD NEGERI 1 GAMEL | EU22: 434240000 | EV22: =EU22/920000 -> 472 | EW22: =EU22*20% -> 86848000 | EX22: 20244392 | EY22: SD NEGERI 2 BODESARI | EZ22: 128800000 | FA22: =EZ22/920000 -> 140 | FB22: =EZ22*20% -> 25760000 | FC22: Total | FE22: =SUM(FE5:FE21) -> 3592600000 | FF22: =SUM(FF5:FF21) -> 3905 | FG22: =SUM(FG5:FG21) -> 718520000 | FH22: 20215153 | FI22: SD NEGERI 1 KEMANTREN | FJ22: 265880000 | FK22: =FJ22/920000 -> 289 | FL22: =FJ22*20% -> 53176000 | FR22: 20214691 | FS22: SD NEGERI 2 TANGKIL | FT22: 123280000 | FU22: =FT22/920000 -> 134 | FV22: =FT22*20% -> 24656000 | GB22: 20215518 | GC22: SD NEGERI 1 SAMPIRAN | GD22: 242880000 | GE22: =GD22/920000 -> 264 | GF22: =GD22*20% -> 48576000 | GL22: 20215571 | GM22: SD NEGERI 1 WALEDASEM | GN22: 121440000 | GO22: =GN22/920000 -> 132 | GP22: =GN22*20% -> 24288000 | GQ22: Total | GS22: =SUM(GS5:GS21) -> 5246760000 | GT22: =SUM(GT5:GT21) -> 5703 | GU22: =SUM(GU5:GU21) -> 1049352000
C23: 19 | D23: 20215060 | E23: SD NEGERI 1 KEBONTURI | F23: 317400000 | G23: =F23/920000 -> 345 | H23: =F23*20% -> 63480000 | I23: 20214526 | J23: SD NEGERI 3 BUNTET | K23: 170200000 | L23: =K23/920000 -> 185 | M23: =K23*20% -> 34040000 | N23: 20215166 | O23: SD NEGERI 1 KUDUKERAS | P23: 331200000 | Q23: =P23/920000 -> 360 | R23: =P23*20% -> 66240000 | S23: Total | U23: =SUM(U5:U22) -> 3969800000 | V23: =SUM(V5:V22) -> 4315 | W23: =SUM(W5:W22) -> 793960000 | AH23: 20215600 | AI23: SD NEGERI 1 WARUROYOM | AJ23: 200560000 | AK23: =AJ23/920000 -> 218 | AL23: =AJ23*20% -> 40112000 | AM23: 20215241 | AN23: SD NEGERI 1 BALAD | AO23: 56120000 | AP23: =AO23/920000 -> 61 | AQ23: =AO23*20% -> 11224000 | AR23: 20215297 | AS23: SD NEGERI 1 GEBANG | AT23: 388240000 | AU23: =AT23/920000 -> 422 | AV23: =AT23*20% -> 77648000 | AW23: 20214532 | AX23: SD NEGERI 3 BAYALANGU KIDUL | AY23: 92920000 | AZ23: =AY23/920000 -> 101 | BA23: =AY23*20% -> 18584000 | BL23: 20215212 | BM23: SD NEGERI 1 BABADAN | BN23: 90160000 | BO23: =BN23/920000 -> 98 | BP23: =BN23*20% -> 18032000 | BQ23: 20214616 | BR23: SD NEGERI 2 WANGUNHARJA | BS23: 137080000 | BT23: =BS23/920000 -> 149 | BU23: =BS23*20% -> 27416000 | CA23: 20215416 | CB23: SD NEGERI 2 KARANGKENDAL | CC23: 225400000 | CD23: =CC23/920000 -> 245 | CE23: =CC23*20% -> 45080000 | CF23: Total | CH23: =SUM(CH5:CH22) -> 2944920000 | CI23: =SUM(CI5:CI22) -> 3201 | CJ23: =SUM(CJ5:CJ22) -> 588984000 | CU23: 20214556 | CV23: SD NEGERI 3 SLANGIT | CW23: 220800000 | CX23: =CW23/920000 -> 240 | CY23: =CW23*20% -> 44160000 | CZ23: 20215286 | DA23: SD NEGERI 1 CIPEUJEUH WETAN | DB23: 367080000 | DC23: =DB23/920000 -> 399 | DD23: =DB23*20% -> 73416000 | DJ23: 20214671 | DK23: UPTD SD NEGERI 2 MUNDUPESISIR | DL23: 320160000 | DM23: =DL23/920000 -> 348 | DN23: =DL23*20% -> 64032000 | DO23: 20215488 | DP23: SD NEGERI 1 SILIH ASIH | DQ23: 260360000 | DR23: =DQ23/920000 -> 283 | DS23: =DQ23*20% -> 52072000 | DY23: 20215129 | DZ23: SD NEGERI 1 PALIMANAN TIMUR | EA23: 281520000 | EB23: =EA23/920000 -> 306 | EC23: =EA23*20% -> 56304000 | ES23: Total | EU23: =SUM(EU5:EU22) -> 4855760000 | EV23: =SUM(EV5:EV22) -> 5278 | EW23: =SUM(EW5:EW22) -> 971152000 | EX23: 20215310 | EY23: SD NEGERI 1 DANAMULYA | EZ23: 126040000 | FA23: =EZ23/920000 -> 137 | FB23: =EZ23*20% -> 25208000 | FH23: 20246438 | FI23: SDN 1 Babakan | FJ23: 314640000 | FK23: =FJ23/920000 -> 342 | FL23: =FJ23*20% -> 62928000 | FR23: 20215155 | FS23: SD NEGERI 1 KEJIWAN | FT23: 226320000 | FU23: =FT23/920000 -> 246 | FV23: =FT23*20% -> 45264000 | GB23: 20215516 | GC23: SD NEGERI 1 SARWADADI | GD23: 175720000 | GE23: =GD23/920000 -> 191 | GF23: =GD23*20% -> 35144000 | GL23: 20214708 | GM23: SD NEGERI 2 WALEDKOTA | GN23: 192280000 | GO23: =GN23/920000 -> 209 | GP23: =GN23*20% -> 38456000
C24: 20 | D24: 20244346 | E24: SD NEGERI 2 JUNGJANG | F24: 92920000 | G24: =F24/920000 -> 101 | H24: =F24*20% -> 18584000 | I24: 20215174 | J24: SD NEGERI 1 JAPURA KIDUL | K24: 109480000 | L24: =K24/920000 -> 119 | M24: =K24*20% -> 21896000 | N24: 20215471 | O24: SD NEGERI 1 SUMBERLOR | P24: 361560000 | Q24: =P24/920000 -> 393 | R24: =P24*20% -> 72312000 | AH24: 20214925 | AI24: SD NEGERI 1 DEPOK | AJ24: 293480000 | AK24: =AJ24/920000 -> 319 | AL24: =AJ24*20% -> 58696000 | AM24: 20215528 | AN24: SD NEGERI 2 BALAD | AO24: 119600000 | AP24: =AO24/920000 -> 130 | AQ24: =AO24*20% -> 23920000 | AR24: Total | AT24: =SUM(AT5:AT23) -> 5060000000 | AU24: =SUM(AU5:AU23) -> 5500 | AV24: =SUM(AV5:AV23) -> 1012000000 | AW24: 20215264 | AX24: SD NEGERI 1 JAGAPURA WETAN | AY24: 99360000 | AZ24: =AY24/920000 -> 108 | BA24: =AY24*20% -> 19872000 | BL24: 20214663 | BM24: SD NEGERI 2 KLAYAN | BN24: 282440000 | BO24: =BN24/920000 -> 307 | BP24: =BN24*20% -> 56488000 | BQ24: Total | BS24: =SUM(BS5:BS23) -> 2983560000 | BT24: =SUM(BT5:BT23) -> 3243 | BU24: =SUM(BU5:BU23) -> 596712000 | CA24: Total | CC24: =SUM(CC5:CC23) -> 4890720000 | CD24: =SUM(CD5:CD23) -> 5316 | CE24: =SUM(CE5:CE23) -> 978144000 | CU24: 20215424 | CV24: SD NEGERI 2 JEMARAS KIDUL | CW24: 265880000 | CX24: =CW24/920000 -> 289 | CY24: =CW24*20% -> 53176000 | CZ24: 20214570 | DA24: SD NEGERI 3 SIGONG | DB24: 200560000 | DC24: =DB24/920000 -> 218 | DD24: =DB24*20% -> 40112000 | DJ24: Total | DL24: =SUM(DL5:DL23) -> 5219160000 | DM24: =SUM(DM5:DM23) -> 5673 | DN24: =SUM(DN5:DN23) -> 1043832000 | DO24: Total | DQ24: =SUM(DQ5:DQ23) -> 4261440000 | DR24: =SUM(DR5:DR23) -> 4632 | DS24: =SUM(DS5:DS23) -> 852288000 | DY24: 20215120 | DZ24: SD NEGERI 1 LUNGBENDA | EA24: 109480000 | EB24: =EA24/920000 -> 119 | EC24: =EA24*20% -> 21896000 | EX24: 20215044 | EY24: SD NEGERI 1 KARANG MULYA | EZ24: 247480000 | FA24: =EZ24/920000 -> 269 | FB24: =EZ24*20% -> 49496000 | FH24: 20214515 | FI24: SD NEGERI 2 WATUBELAH | FJ24: 142600000 | FK24: =FJ24/920000 -> 155 | FL24: =FJ24*20% -> 28520000 | FR24: 20214683 | FS24: SD NEGERI 2 LUWUNGKENCANA | FT24: 161920000 | FU24: =FT24/920000 -> 176 | FV24: =FT24*20% -> 32384000 | GB24: 20215146 | GC24: SD NEGERI 1 KEPONGPONGAN | GD24: 160080000 | GE24: =GD24/920000 -> 174 | GF24: =GD24*20% -> 32016000 | GL24: Total | GN24: =SUM(GN5:GN23) -> 4527320000 | GO24: =SUM(GO5:GO23) -> 4921 | GP24: =SUM(GP5:GP23) -> 905464000
C25: 21 | D25: 20215453 | E25: SD NEGERI 1 TEGALGUBUG | F25: 198720000 | G25: =F25/920000 -> 216 | H25: =F25*20% -> 39744000 | I25: 20215109 | J25: SD NEGERI 1 MERTAPADA KULON | K25: 306360000 | L25: =K25/920000 -> 333 | M25: =K25*20% -> 61272000 | N25: 20215165 | O25: SD NEGERI 1 KUDUMULYA | P25: 356960000 | Q25: =P25/920000 -> 388 | R25: =P25*20% -> 71392000 | AH25: 20215596 | AI25: SD NEGERI 1 WARUJAYA | AJ25: 148120000 | AK25: =AJ25/920000 -> 161 | AL25: =AJ25*20% -> 29624000 | AM25: 20214740 | AN25: SD NEGERI 2 SINDANGMEKAR | AO25: 273240000 | AP25: =AO25/920000 -> 297 | AQ25: =AO25*20% -> 54648000 | AW25: 20215258 | AX25: SD NEGERI 1 GEGESIK KIDUL | AY25: 121440000 | AZ25: =AY25/920000 -> 132 | BA25: =AY25*20% -> 24288000 | BL25: 20214673 | BM25: SD NEGERI 2 MERTASINGA | BN25: 151800000 | BO25: =BN25/920000 -> 165 | BP25: =BN25*20% -> 30360000 | CU25: Total | CW25: =SUM(CW5:CW24) -> 4582520000 | CX25: =SUM(CX5:CX24) -> 4981 | CY25: =SUM(CY5:CY24) -> 916504000 | CZ25: 20215564 | DA25: SD NEGERI 2 BELAWA | DB25: 217120000 | DC25: =DB25/920000 -> 236 | DD25: =DB25*20% -> 43424000 | DY25: 20214641 | DZ25: SD NEGERI 2 PEGAGAN | EA25: 356040000 | EB25: =EA25/920000 -> 387 | EC25: =EA25*20% -> 71208000 | EX25: 20215409 | EY25: SD NEGERI 2 KEDUNGSANA | EZ25: 168360000 | FA25: =EZ25/920000 -> 183 | FB25: =EZ25*20% -> 33672000 | FH25: 20215575 | FI25: SD NEGERI 1 TUKMUDAL | FJ25: 551080000 | FK25: =FJ25/920000 -> 599 | FL25: =FJ25*20% -> 110216000 | FR25: 20214943 | FS25: SD NEGERI 3 TANGKIL | FT25: 110400000 | FU25: =FT25/920000 -> 120 | FV25: =FT25*20% -> 22080000 | GB25: 20214577 | GC25: SD NEGERI 3 SAMPIRAN | GD25: 276000000 | GE25: =GD25/920000 -> 300 | GF25: =GD25*20% -> 55200000
C26: 22 | D26: 20215182 | E26: SD NEGERI 1 BULAK | F26: 208840000 | G26: =F26/920000 -> 227 | H26: =F26*20% -> 41768000 | I26: Total | K26: =SUM(K5:K25) -> 4262360000 | L26: =SUM(L5:L25) -> 4633 | M26: =SUM(M5:M25) -> 852472000 | N26: 20214753 | O26: SD NEGERI 2 SERANGWETAN | P26: 170200000 | Q26: =P26/920000 -> 185 | R26: =P26*20% -> 34040000 | AH26: 20215385 | AI26: SD NEGERI 2 KASUGENGAN KIDUL | AJ26: 245640000 | AK26: =AJ26/920000 -> 267 | AL26: =AJ26*20% -> 49128000 | AM26: 20215283 | AN26: SD NEGERI 1 CISAAT | AO26: 115000000 | AP26: =AO26/920000 -> 125 | AQ26: =AO26*20% -> 23000000 | AW26: 20215331 | AX26: SD NEGERI 2 JAGAPURA KIDUL | AY26: 266800000 | AZ26: =AY26/920000 -> 290 | BA26: =AY26*20% -> 53360000 | BL26: 20244384 | BM26: SD NEGERI 1 WANAKAYA | BN26: 183080000 | BO26: =BN26/920000 -> 199 | BP26: =BN26*20% -> 36616000 | CZ26: Total | DB26: =SUM(DB5:DB25) -> 4834600000 | DC26: =SUM(DC5:DC25) -> 5255 | DD26: =SUM(DD5:DD25) -> 966920000 | DY26: 20214930 | DZ26: SD NEGERI 4 PALIMANAN TIMUR | EA26: 319240000 | EB26: =EA26/920000 -> 347 | EC26: =EA26*20% -> 63848000 | EX26: 20214582 | EY26: SD NEGERI 3 MARIKANGEN | EZ26: 104880000 | FA26: =EZ26/920000 -> 114 | FB26: =EZ26*20% -> 20976000 | FH26: 20246440 | FI26: UPTD SD NEGERI 1 PASALAKAN | FJ26: 576840000 | FK26: =FJ26/920000 -> 627 | FL26: =FJ26*20% -> 115368000 | FR26: 20215188 | FS26: SD NEGERI 1 BOJONGKULON | FT26: 429640000 | FU26: =FT26/920000 -> 467 | FV26: =FT26*20% -> 85928000 | GB26: Total | GD26: =SUM(GD5:GD25) -> 4487760000 | GE26: =SUM(GE5:GE25) -> 4878 | GF26: =SUM(GF5:GF25) -> 897552000
C27: 23 | D27: 20215566 | E27: SD NEGERI 1 TEGALGUBUG LOR | F27: 515200000 | G27: =F27/920000 -> 560 | H27: =F27*20% -> 103040000 | N27: 20215010 | O27: SD NEGERI 1 SERANGKULON | P27: 154560000 | Q27: =P27/920000 -> 168 | R27: =P27*20% -> 30912000 | AH27: 20215196 | AI27: SD NEGERI 1 CIKEDUK | AJ27: 418600000 | AK27: =AJ27/920000 -> 455 | AL27: =AJ27*20% -> 83720000 | AM27: 20214473 | AN27: SD NEGERI 3 DUKUPUNTANG | AO27: 161000000 | AP27: =AO27/920000 -> 175 | AQ27: =AO27*20% -> 32200000 | AW27: 20244397 | AX27: SD NEGERI 2 JAGAPURA WETAN | AY27: 265880000 | AZ27: =AY27/920000 -> 289 | BA27: =AY27*20% -> 53176000 | BL27: 20214707 | BM27: SD NEGERI 2 WANAKAYA | BN27: 73600000 | BO27: =BN27/920000 -> 80 | BP27: =BN27*20% -> 14720000 | DY27: Total | EA27: =SUM(EA5:EA26) -> 5288160000 | EB27: =SUM(EB5:EB26) -> 5748 | EC27: =SUM(EC5:EC26) -> 1057632000 | EX27: 20215128 | EY27: SD NEGERI 1 PAMIJAHAN | EZ27: 288880000 | FA27: =EZ27/920000 -> 314 | FB27: =EZ27*20% -> 57776000 | FH27: 20214680 | FI27: SD NEGERI 2 MATANGAJI | FJ27: 222640000 | FK27: =FJ27/920000 -> 242 | FL27: =FJ27*20% -> 44528000 | FR27: 20215081 | FS27: SD NEGERI 1 JATIPURA | FT27: 211600000 | FU27: =FT27/920000 -> 230 | FV27: =FT27*20% -> 42320000
C28: 24 | D28: 20214956 | E28: SD NEGERI 4 JUNGJANG | F28: 97520000 | G28: =F28/920000 -> 106 | H28: =F28*20% -> 19504000 | N28: 20214626 | O28: SD NEGERI 2 PAKUSAMBEN | P28: 229080000 | Q28: =P28/920000 -> 249 | R28: =P28*20% -> 45816000 | AH28: Total | AJ28: =SUM(AJ5:AJ27) -> 5035160000 | AK28: =SUM(AK5:AK27) -> 5473 | AL28: =SUM(AL5:AL27) -> 1007032000 | AM28: 20215277 | AN28: SD NEGERI 1 GIRINATA | AO28: 204240000 | AP28: =AO28/920000 -> 222 | AQ28: =AO28*20% -> 40848000 | AW28: 20215056 | AX28: SD NEGERI 1 KEDUNGDALEM | AY28: 269560000 | AZ28: =AY28/920000 -> 293 | BA28: =AY28*20% -> 53912000 | BL28: 20215519 | BM28: SD NEGERI 1 SAMBENG | BN28: 152720000 | BO28: =BN28/920000 -> 166 | BP28: =BN28*20% -> 30544000 | EX28: 20215119 | EY28: SD NEGERI 1 LURAH | EZ28: 215280000 | FA28: =EZ28/920000 -> 234 | FB28: =EZ28*20% -> 43056000 | FH28: 20246443 | FI28: SD NEGERI 1 SIDAWANGI | FJ28: 444360000 | FK28: =FJ28/920000 -> 483 | FL28: =FJ28*20% -> 88872000 | FR28: 20214528 | FS28: SD NEGERI 3 BOJONGKULON | FT28: 154560000 | FU28: =FT28/920000 -> 168 | FV28: =FT28*20% -> 30912000
C29: Total | F29: =SUM(F5:F28) -> 6003920000 | G29: =SUM(G5:G28) -> 6526 | H29: =SUM(H5:H28) -> 1200784000 | N29: Total | P29: =SUM(P5:P28) -> 6143760000 | Q29: =SUM(Q5:Q28) -> 6678 | R29: =SUM(R5:R28) -> 1228752000 | AM29: 20215469 | AN29: SD NEGERI 1 SINDANGJAWA | AO29: 115000000 | AP29: =AO29/920000 -> 125 | AQ29: =AO29*20% -> 23000000 | AW29: 20215257 | AX29: SD NEGERI 1 GEGESIK KULON | AY29: 299000000 | AZ29: =AY29/920000 -> 325 | BA29: =AY29*20% -> 59800000 | BL29: 20215220 | BM29: SD NEGERI 1 ADIDHARMA | BN29: 174800000 | BO29: =BN29/920000 -> 190 | BP29: =BN29*20% -> 34960000 | EX29: 20214754 | EY29: SD NEGERI 2 PESANGGRAHAN | EZ29: 112240000 | FA29: =EZ29/920000 -> 122 | FB29: =EZ29*20% -> 22448000 | FH29: 20215402 | FI29: SD NEGERI 2 KENANGA | FJ29: 266800000 | FK29: =FJ29/920000 -> 290 | FL29: =FJ29*20% -> 53360000 | FR29: 20215574 | FS29: SD NEGERI 1 UJUNGGEBANG | FT29: 197800000 | FU29: =FT29/920000 -> 215 | FV29: =FT29*20% -> 39560000
AM30: 10114917 | AN30: SD NEGERI KEPUNDUAN | AO30: 175720000 | AP30: =AO30/920000 -> 191 | AQ30: =AO30*20% -> 35144000 | AW30: Total | AY30: =SUM(AY5:AY29) -> 4964320000 | AZ30: =SUM(AZ5:AZ29) -> 5396 | BA30: =SUM(BA5:BA29) -> 992864000 | BL30: Total | BN30: =SUM(BN5:BN29) -> 4628520000 | BO30: =SUM(BO5:BO29) -> 5031 | BP30: =SUM(BP5:BP29) -> 925704000 | EX30: 20214681 | EY30: SD NEGERI 2 MARIKANGEN | EZ30: 202400000 | FA30: =EZ30/920000 -> 220 | FB30: =EZ30*20% -> 40480000 | FH30: 20215114 | FI30: SD NEGERI 1 MATANGAJI | FJ30: 192280000 | FK30: =FJ30/920000 -> 209 | FL30: =FJ30*20% -> 38456000 | FR30: 20215244 | FS30: SD NEGERI 2 GINTUNGLOR | FT30: 123280000 | FU30: =FT30/920000 -> 134 | FV30: =FT30*20% -> 24656000
AM31: 20214918 | AN31: SD NEGERI 1 KEDONGDONG KIDUL | AO31: 191360000 | AP31: =AO31/920000 -> 208 | AQ31: =AO31*20% -> 38272000 | EX31: 20244395 | EY31: SD NEGERI 2 CEMPAKA | EZ31: 307280000 | FA31: =EZ31/920000 -> 334 | FB31: =EZ31*20% -> 61456000 | FH31: 20215499 | FI31: SD NEGERI 1 PEJAMBON | FJ31: 224480000 | FK31: =FJ31/920000 -> 244 | FL31: =FJ31*20% -> 44896000 | FR31: Total | FT31: =SUM(FT5:FT30) -> 6099600000 | FU31: =SUM(FU5:FU30) -> 6630 | FV31: =SUM(FV5:FV30) -> 1219920000
AM32: 20215462 | AN32: SD NEGERI 1 SINDANGMEKAR | AO32: 105800000 | AP32: =AO32/920000 -> 115 | AQ32: =AO32*20% -> 21160000 | EX32: 20215208 | EY32: SD NEGERI 1 BODELOR | EZ32: 356960000 | FA32: =EZ32/920000 -> 388 | FB32: =EZ32*20% -> 71392000 | FH32: Total | FJ32: =SUM(FJ5:FJ31) -> 7495240000 | FK32: =SUM(FK5:FK31) -> 8147 | FL32: =SUM(FL5:FL31) -> 1499048000
AM33: Total | AO33: =SUM(AO5:AO32) -> 3753600000 | AP33: =SUM(AP5:AP32) -> 4080 | AQ33: =SUM(AQ5:AQ32) -> 750720000 | EX33: Total | EZ33: =SUM(EZ5:EZ32) -> 5963440000 | FA33: =SUM(FA5:FA32) -> 6482 | FB33: =SUM(FB5:FB32) -> 1192688000

Sheet Data Fasilitas
A1: Data Fasilitas Sekolah Per-Kecamatan
A3: Nama Kecamatan | B3: Jenis Fasilitas | C3: Jumlah | D3: Satuan | E3: Tahun | G3: Nama Kecamatan | H3: Jenis Fasilitas | I3: Jumlah | J3: Satuan | K3: Tahun | M3: Nama Kecamatan | N3: Jenis Fasilitas | O3: Jumlah | P3: Satuan | Q3: Tahun | S3: Nama Kecamatan | T3: Jenis Fasilitas | U3: Jumlah | V3: Satuan | W3: Tahun
A5: Waled | B5: Perpustakaan | C5: 10 | D5: Unit | E5: 2024 | G5: Pangenan | H5: Perpustakaan | I5: 9 | J5: Unit | K5: 2024 | M5: Gunungjati | N5: Perpustakaan | O5: 17 | P5: Unit | Q5: 2024 | S5: Depok | T5: Perpustakaan | U5: 17 | V5: Unit | W5: 2024
B6: Tempat Ibadah | C6: 2 | D6: Unit | E6: 2024 | H6: Tempat Ibadah | I6: 1 | J6: Unit | K6: 2024 | N6: Tempat Ibadah | O6: 15 | P6: Unit | Q6: 2024 | T6: Tempat Ibadah | U6: 7 | V6: Unit | W6: 2024
B7: Toilet | C7: 66 | D7: Unit | E7: 2024 | H7: Toilet | I7: 40 | J7: Unit | K7: 2024 | N7: Toilet | O7: 124 | P7: Unit | Q7: 2024 | T7: Toilet | U7: 124 | V7: Unit | W7: 2024
B8: UKS | C8: 2 | D8: Unit | E8: 2024 | H8: UKS | I8: 2 | J8: Unit | K8: 2024 | N8: UKS | O8: 6 | P8: Unit | Q8: 2024 | T8: UKS | U8: 5 | V8: Unit | W8: 2024
A9: Ciledug | B9: Perpustakaan | C9: 11 | D9: Unit | E9: 2024 | G9: Mundu | H9: Perpustakaan | I9: 16 | J9: Unit | K9: 2024 | M9: Kapetakan | N9: Perpustakaan | O9: 15 | P9: Unit | Q9: 2024 | S9: Pasaleman | T9: Perpustakaan | U9: 12 | V9: Unit | W9: 2024
B10: Tempat Ibadah | C10: 5 | D10: Unit | E10: 2024 | H10: Tempat Ibadah | I10: 9 | J10: Unit | K10: 2024 | N10: Tempat Ibadah | O10: 4 | P10: Unit | Q10: 2024 | T10: Tempat Ibadah | U10: 2 | V10: Unit | W10: 2024
B11: Toilet | C11: 98 | D11: Unit | E11: 2024 | H11: Toilet | I11: 79 | J11: Unit | K11: 2024 | N11: Toilet | O11: 51 | P11: Unit | Q11: 2024 | T11: Toilet | U11: 42 | V11: Unit | W11: 2024
B12: UKS | C12: 3 | D12: Unit | E12: 2024 | H12: UKS | I12: 2 | J12: Unit | K12: 2024 | N12: UKS | O12: 2 | P12: Unit | Q12: 2024 | T12: UKS | U12: 1 | V12: Unit | W12: 2024
A13: Losari | B13: Perpustakaan | C13: 11 | D13: Unit | E13: 2024 | G13: Beber | H13: Perpustakaan | I13: 14 | J13: Unit | K13: 2024 | M13: Klangenan | N13: Perpustakaan | O13: 15 | P13: Unit | Q13: 2024 | S13: Pabuaran | T13: Perpustakaan | U13: 7 | V13: Unit | W13: 2024
B14: Tempat Ibadah | C14: 1 | D14: Unit | E14: 2024 | H14: Tempat Ibadah | I14: 14 | J14: Unit | K14: 2024 | N14: Tempat Ibadah | O14: 5 | P14: Unit | Q14: 2024 | T14: Tempat Ibadah | U14: 1 | V14: Unit | W14: 2024
B15: Toilet | C15: 63 | D15: Unit | E15: 2024 | H15: Toilet | I15: 102 | J15: Unit | K15: 2024 | N15: Toilet | O15: 79 | P15: Unit | Q15: 2024 | T15: Toilet | U15: 44 | V15: Unit | W15: 2024
B16: UKS | C16: 4 | D16: Unit | E16: 2024 | H16: UKS | I16: 6 | J16: Unit | K16: 2024 | N16: UKS | O16: 6 | P16: Unit | Q16: 2024 | T16: UKS | U16: 3 | V16: Unit | W16: 2024
A17: Pabedilan | B17: Perpustakaan | C17: 11 | D17: Unit | E17: 2024 | G17: Talun | H17: Perpustakaan | I17: 19 | J17: Unit | K17: 2024 | M17: Arjawinangun | N17: Perpustakaan | O17: 23 | P17: Unit | Q17: 2024 | S17: Karangwareng | T17: Perpustakaan | U17: 8 | V17: Unit | W17: 2024
B18: Tempat Ibadah | C18: 4 | D18: Unit | E18: 2024 | H18: Tempat Ibadah | I18: 13 | J18: Unit | K18: 2024 | N18: Tempat Ibadah | O18: 8 | P18: Unit | Q18: 2024 | T18: Tempat Ibadah | U18: 0 | V18: Unit | W18: 2024
B19: Toilet | C19: 80 | D19: Unit | E19: 2024 | H19: Toilet | I19: 122 | J19: Unit | K19: 2024 | N19: Toilet | O19: 135 | P19: Unit | Q19: 2024 | T19: Toilet | U19: 36 | V19: Unit | W19: 2024
B20: UKS | C20: 3 | D20: Unit | E20: 2024 | H20: UKS | I20: 8 | J20: Unit | K20: 2024 | N20: UKS | O20: 11 | P20: Unit | Q20: 2024 | T20: UKS | U20: 0 | V20: Unit | W20: 2024
A21: Babakan | B21: Perpustakaan | C21: 15 | D21: Unit | E21: 2024 | G21: Sumber | H21: Perpustakaan | I21: 23 | J21: Unit | K21: 2024 | M21: Panguragan | N21: Perpustakaan | O21: 11 | P21: Unit | Q21: 2024 | S21: Tengah tani | T21: Perpustakaan | U21: 6 | V21: Unit | W21: 2024
B22: Tempat Ibadah | C22: 5 | D22: Unit | E22: 2024 | H22: Tempat Ibadah | I22: 24 | J22: Unit | K22: 2024 | N22: Tempat Ibadah | O22: 3 | P22: Unit | Q22: 2024 | T22: Tempat Ibadah | U22: 6 | V22: Unit | W22: 2024
B23: Toilet | C23: 111 | D23: Unit | E23: 2024 | H23: Toilet | I23: 245 | J23: Unit | K23: 2024 | N23: Toilet | O23: 61 | P23: Unit | Q23: 2024 | T23: Toilet | U23: 76 | V23: Unit | W23: 2024
B24: UKS | C24: 8 | D24: Unit | E24: 2024 | H24: UKS | I24: 19 | J24: Unit | K24: 2024 | N24: UKS | O24: 2 | P24: Unit | Q24: 2024 | T24: UKS | U24: 3 | V24: Unit | W24: 2024
A25: Karangsembung | B25: Perpustakaan | C25: 12 | D25: Unit | E25: 2024 | G25: Dukupuntang | H25: Perpustakaan | I25: 18 | J25: Unit | K25: 2024 | M25: Ciwaringin | N25: Perpustakaan | O25: 12 | P25: Unit | Q25: 2024 | S25: Plered | T25: Perpustakaan | U25: 16 | V25: Unit | W25: 2024
B26: Tempat Ibadah | C26: 2 | D26: Unit | E26: 2024 | H26: Tempat Ibadah | I26: 16 | J26: Unit | K26: 2024 | N26: Tempat Ibadah | O26: 4 | P26: Unit | Q26: 2024 | T26: Tempat Ibadah | U26: 9 | V26: Unit | W26: 2024
B27: Toilet | C27: 73 | D27: Unit | E27: 2024 | H27: Toilet | I27: 118 | J27: Unit | K27: 2024 | N27: Toilet | O27: 55 | P27: Unit | Q27: 2024 | T27: Toilet | U27: 108 | V27: Unit | W27: 2024
B28: UKS | C28: 2 | D28: Unit | E28: 2024 | H28: UKS | I28: 3 | J28: Unit | K28: 2024 | N28: UKS | O28: 6 | P28: Unit | Q28: 2024 | T28: UKS | U28: 7 | V28: Unit | W28: 2024
A29: Lemahabang | B29: Perpustakaan | C29: 17 | D29: Unit | E29: 2024 | G29: Palimanan | H29: Perpustakaan | I29: 16 | J29: Unit | K29: 2024 | M29: Susukan | N29: Perpustakaan | O29: 16 | P29: Unit | Q29: 2024 | S29: Gempol | T29: Perpustakaan | U29: 11 | V29: Unit | W29: 2024
B30: Tempat Ibadah | C30: 9 | D30: Unit | E30: 2024 | H30: Tempat Ibadah | I30: 10 | J30: Unit | K30: 2024 | N30: Tempat Ibadah | O30: 9 | P30: Unit | Q30: 2024 | T30: Tempat Ibadah | U30: 5 | V30: Unit | W30: 2024
B31: Toilet | C31: 115 | D31: Unit | E31: 2024 | H31: Toilet | I31: 101 | J31: Unit | K31: 2024 | N31: Toilet | O31: 88 | P31: Unit | Q31: 2024 | T31: Toilet | U31: 64 | V31: Unit | W31: 2024
B32: UKS | C32: 5 | D32: Unit | E32: 2024 | H32: UKS | I32: 4 | J32: Unit | K32: 2024 | N32: UKS | O32: 2 | P32: Unit | Q32: 2024 | T32: UKS | U32: 1 | V32: Unit | W32: 2024
A33: Susukan Lebak | B33: Perpustakaan | C33: 11 | D33: Unit | E33: 2024 | G33: Plumbon | H33: Perpustakaan | I33: 23 | J33: Unit | K33: 2024 | M33: Gegesik | N33: Perpustakaan | O33: 15 | P33: Unit | Q33: 2024 | S33: Greged | T33: Perpustakaan | U33: 14 | V33: Unit | W33: 2024
B34: Tempat Ibadah | C34: 0 | D34: Unit | E34: 2024 | H34: Tempat Ibadah | I34: 13 | J34: Unit | K34: 2024 | N34: Tempat Ibadah | O34: 10 | P34: Unit | Q34: 2024 | T34: Tempat Ibadah | U34: 9 | V34: Unit | W34: 2024
B35: Toilet | C35: 50 | D35: Unit | E35: 2024 | H35: Toilet | I35: 150 | J35: Unit | K35: 2024 | N35: Toilet | O35: 113 | P35: Unit | Q35: 2024 | T35: Toilet | U35: 83 | V35: Unit | W35: 2024
B36: UKS | C36: 4 | D36: Unit | E36: 2024 | H36: UKS | I36: 14 | J36: Unit | K36: 2024 | N36: UKS | O36: 5 | P36: Unit | Q36: 2024 | T36: UKS | U36: 2 | V36: Unit | W36: 2024
A37: Sedong | B37: Perpustakaan | C37: 15 | D37: Unit | E37: 2024 | G37: Weru | H37: Perpustakaan | I37: 18 | J37: Unit | K37: 2024 | M37: Kaliwedi | N37: Perpustakaan | O37: 11 | P37: Unit | Q37: 2024 | S37: Suranenggala | T37: Perpustakaan | U37: 13 | V37: Unit | W37: 2024
B38: Tempat Ibadah | C38: 8 | D38: Unit | E38: 2024 | H38: Tempat Ibadah | I38: 13 | J38: Unit | K38: 2024 | N38: Tempat Ibadah | O38: 4 | P38: Unit | Q38: 2024 | T38: Tempat Ibadah | U38: 8 | V38: Unit | W38: 2024
B39: Toilet | C39: 96 | D39: Unit | E39: 2024 | H39: Toilet | I39: 109 | J39: Unit | K39: 2024 | N39: Toilet | O39: 61 | P39: Unit | Q39: 2024 | T39: Toilet | U39: 83 | V39: Unit | W39: 2024
B40: UKS | C40: 6 | D40: Unit | E40: 2024 | H40: UKS | I40: 9 | J40: Unit | K40: 2024 | N40: UKS | O40: 4 | P40: Unit | Q40: 2024 | T40: UKS | U40: 0 | V40: Unit | W40: 2024
A41: Astanajapura | B41: Perpustakaan | C41: 20 | D41: Unit | E41: 2024 | G41: Kedawung | H41: Perpustakaan | I41: 15 | J41: Unit | K41: 2024 | M41: Gebang | N41: Perpustakaan | O41: 16 | P41: Unit | Q41: 2024 | S41: Jamblang | T41: Perpustakaan | U41: 17 | V41: Unit | W41: 2024
B42: Tempat Ibadah | C42: 4 | D42: Unit | E42: 2024 | H42: Tempat Ibadah | I42: 11 | J42: Unit | K42: 2024 | N42: Tempat Ibadah | O42: 6 | P42: Unit | Q42: 2024 | T42: Tempat Ibadah | U42: 5 | V42: Unit | W42: 2024
B43: Toilet | C43: 85 | D43: Unit | E43: 2024 | H43: Toilet | I43: 133 | J43: Unit | K43: 2024 | N43: Toilet | O43: 94 | P43: Unit | Q43: 2024 | T43: Toilet | U43: 99 | V43: Unit | W43: 2024
B44: UKS | C44: 3 | D44: Unit | E44: 2024 | H44: UKS | I44: 9 | J44: Unit | K44: 2024 | N44: UKS | O44: 5 | P44: Unit | Q44: 2024 | T44: UKS | U44: 5 | V44: Unit | W44: 2024

Sheet Data Infrastruktur Kondisi
A1: Data Infrastruktur Kondisi Ruang Kelas Sekolah SD Per-Kecamatan
A3: Nama Kecamatan | B3: Kondisi | C3: Jumlah | D3: Satuan | E3: Tahun | G3: Nama Kecamatan | H3: Kondisi | I3: Jumlah | J3: Satuan | K3: Tahun | M3: Nama Kecamatan | N3: Kondisi | O3: Jumlah | P3: Satuan | Q3: Tahun | S3: Nama Kecamatan | T3: Kondisi | U3: Jumlah | V3: Satuan | W3: Tahun
A5: Waled | B5: Baik | C5: 74 | D5: Unit | E5: 2024 | G5: Pangenan | H5: Baik | I5: 102 | J5: Unit | K5: 2024 | M5: Gunung Jati | N5: Baik | O5: 89 | P5: Unit | Q5: 2024 | S5: Depok | T5: Baik | U5: 124 | V5: Unit | W5: 2024
B6: Rusak Ringan | C6: 44 | D6: Unit | E6: 2024 | H6: Rusak Ringan | I6: 25 | J6: Unit | K6: 2024 | N6: Rusak Ringan | O6: 61 | P6: Unit | Q6: 2024 | T6: Rusak Ringan | U6: 20 | V6: Unit | W6: 2024
B7: Rusak Berat | C7: 48 | D7: Unit | E7: 2024 | H7: Rusak Berat | I7: 45 | J7: Unit | K7: 2024 | N7: Rusak Berat | O7: 28 | P7: Unit | Q7: 2024 | T7: Rusak Berat | U7: 8 | V7: Unit | W7: 2024
A8: Ciledug | B8: Baik | C8: 49 | D8: Unit | E8: 2024 | G8: Mundu | H8: Baik | I8: 70 | J8: Unit | K8: 2024 | M8: Kapetakan | N8: Baik | O8: 132 | P8: Unit | Q8: 2024 | S8: Pasaleman | T8: Baik | U8: 111 | V8: Unit | W8: 2024
B9: Rusak Ringan | C9: 19 | D9: Unit | E9: 2024 | H9: Rusak Ringan | I9: 28 | J9: Unit | K9: 2024 | N9: Rusak Ringan | O9: 51 | P9: Unit | Q9: 2024 | T9: Rusak Ringan | U9: 33 | V9: Unit | W9: 2024
B10: Rusak Berat | C10: 10 | D10: Unit | E10: 2024 | H10: Rusak Berat | I10: 29 | J10: Unit | K10: 2024 | N10: Rusak Berat | O10: 30 | P10: Unit | Q10: 2024 | T10: Rusak Berat | U10: 12 | V10: Unit | W10: 2024
A11: Losari | B11: Baik | C11: 102 | D11: Unit | E11: 2024 | G11: Beber | H11: Baik | I11: 84 | J11: Unit | K11: 2024 | M11: Klangenan | N11: Baik | O11: 181 | P11: Unit | Q11: 2024 | S11: Pabuaran | T11: Baik | U11: 95 | V11: Unit | W11: 2024
B12: Rusak Ringan | C12: 30 | D12: Unit | E12: 2024 | H12: Rusak Ringan | I12: 20 | J12: Unit | K12: 2024 | N12: Rusak Ringan | O12: 52 | P12: Unit | Q12: 2024 | T12: Rusak Ringan | U12: 19 | V12: Unit | W12: 2024
B13: Rusak Berat | C13: 14 | D13: Unit | E13: 2024 | H13: Rusak Berat | I13: 25 | J13: Unit | K13: 2024 | N13: Rusak Berat | O13: 12 | P13: Unit | Q13: 2024 | T13: Rusak Berat | U13: 25 | V13: Unit | W13: 2024
A14: Pabedilan | B14: Baik | C14: 63 | D14: Unit | E14: 2024 | G14: Talun | H14: Baik | I14: 114 | J14: Unit | K14: 2024 | M14: Arjawinangun | N14: Baik | O14: 132 | P14: Unit | Q14: 2024 | S14: Karangwareng | T14: Baik | U14: 170 | V14: Unit | W14: 2024
B15: Rusak Ringan | C15: 27 | D15: Unit | E15: 2024 | H15: Rusak Ringan | I15: 32 | J15: Unit | K15: 2024 | N15: Rusak Ringan | O15: 32 | P15: Unit | Q15: 2024 | T15: Rusak Ringan | U15: 43 | V15: Unit | W15: 2024
B16: Rusak Berat | C16: 13 | D16: Unit | E16: 2024 | H16: Rusak Berat | I16: 23 | J16: Unit | K16: 2024 | N16: Rusak Berat | O16: 19 | P16: Unit | Q16: 2024 | T16: Rusak Berat | U16: 25 | V16: Unit | W16: 2024
A17: Babakan | B17: Baik | C17: 89 | D17: Unit | E17: 2024 | G17: Sumber | H17: Baik | I17: 55 | J17: Unit | K17: 2024 | M17: Panguragan | N17: Baik | O17: 125 | P17: Unit | Q17: 2024 | S17: Tengah Tani | T17: Baik | U17: 72 | V17: Unit | W17: 2024
B18: Rusak Ringan | C18: 35 | D18: Unit | E18: 2024 | H18: Rusak Ringan | I18: 25 | J18: Unit | K18: 2024 | N18: Rusak Ringan | O18: 36 | P18: Unit | Q18: 2024 | T18: Rusak Ringan | U18: 23 | V18: Unit | W18: 2024
B19: Rusak Berat | C19: 5 | D19: Unit | E19: 2024 | H19: Rusak Berat | I19: 24 | J19: Unit | K19: 2024 | N19: Rusak Berat | O19: 14 | P19: Unit | Q19: 2024 | T19: Rusak Berat | U19: 13 | V19: Unit | W19: 2024
A20: Karangsembung | B20: Baik | C20: 103 | D20: Unit | E20: 2024 | G20: Dukupuntang | H20: Baik | I20: 91 | J20: Unit | K20: 2024 | M20: Ciwaringin | N20: Baik | O20: 131 | P20: Unit | Q20: 2024 | S20: Plered | T20: Baik | U20: 81 | V20: Unit | W20: 2024
B21: Rusak Ringan | C21: 36 | D21: Unit | E21: 2024 | H21: Rusak Ringan | I21: 28 | J21: Unit | K21: 2024 | N21: Rusak Ringan | O21: 34 | P21: Unit | Q21: 2024 | T21: Rusak Ringan | U21: 15 | V21: Unit | W21: 2024
B22: Rusak Berat | C22: 8 | D22: Unit | E22: 2024 | H22: Rusak Berat | I22: 27 | J22: Unit | K22: 2024 | N22: Rusak Berat | O22: 9 | P22: Unit | Q22: 2024 | T22: Rusak Berat | U22: 22 | V22: Unit | W22: 2024
A23: Lemahabang | B23: Baik | C23: 174 | D23: Unit | E23: 2024 | G23: Palimanan | H23: Baik | I23: 66 | J23: Unit | K23: 2024 | M23: Susukan | N23: Baik | O23: 99 | P23: Unit | Q23: 2024 | S23: Gempol | T23: Baik | U23: 74 | V23: Unit | W23: 2024
B24: Rusak Ringan | C24: 38 | D24: Unit | E24: 2024 | H24: Rusak Ringan | I24: 35 | J24: Unit | K24: 2024 | N24: Rusak Ringan | O24: 18 | P24: Unit | Q24: 2024 | T24: Rusak Ringan | U24: 29 | V24: Unit | W24: 2024
B25: Rusak Berat | C25: 15 | D25: Unit | E25: 2024 | H25: Rusak Berat | I25: 23 | J25: Unit | K25: 2024 | N25: Rusak Berat | O25: 11 | P25: Unit | Q25: 2024 | T25: Rusak Berat | U25: 25 | V25: Unit | W25: 2024
A26: Susukan Lebak | B26: Baik | C26: 149 | D26: Unit | E26: 2024 | G26: Plumbon | H26: Baik | I26: 74 | J26: Unit | K26: 2024 | M26: Gegesik | N26: Baik | O26: 103 | P26: Unit | Q26: 2024 | S26: Greged | T26: Baik | U26: 115 | V26: Unit | W26: 2024
B27: Rusak Ringan | C27: 25 | D27: Unit | E27: 2024 | H27: Rusak Ringan | I27: 18 | J27: Unit | K27: 2024 | N27: Rusak Ringan | O27: 29 | P27: Unit | Q27: 2024 | T27: Rusak Ringan | U27: 55 | V27: Unit | W27: 2024
B28: Rusak Berat | C28: 10 | D28: Unit | E28: 2024 | H28: Rusak Berat | I28: 31 | J28: Unit | K28: 2024 | N28: Rusak Berat | O28: 25 | P28: Unit | Q28: 2024 | T28: Rusak Berat | U28: 41 | V28: Unit | W28: 2024
A29: Sedong | B29: Baik | C29: 103 | D29: Unit | E29: 2024 | G29: Weru | H29: Baik | I29: 156 | J29: Unit | K29: 2024 | M29: Kaliwedi | N29: Baik | O29: 156 | P29: Unit | Q29: 2024 | S29: Suranenggala | T29: Baik | U29: 134 | V29: Unit | W29: 2024
B30: Rusak Ringan | C30: 30 | D30: Unit | E30: 2024 | H30: Rusak Ringan | I30: 42 | J30: Unit | K30: 2024 | N30: Rusak Ringan | O30: 53 | P30: Unit | Q30: 2024 | T30: Rusak Ringan | U30: 43 | V30: Unit | W30: 2024
B31: Rusak Berat | C31: 4 | D31: Unit | E31: 2024 | H31: Rusak Berat | I31: 28 | J31: Unit | K31: 2024 | N31: Rusak Berat | O31: 20 | P31: Unit | Q31: 2024 | T31: Rusak Berat | U31: 26 | V31: Unit | W31: 2024
A32: Astanajapura | B32: Baik | C32: 65 | D32: Unit | E32: 2024 | G32: Kedawung | H32: Baik | I32: 287 | J32: Unit | K32: 2024 | M32: Gebang | N32: Baik | O32: 109 | P32: Unit | Q32: 2024 | S32: Jamblang | T32: Baik | U32: 65 | V32: Unit | W32: 2024
B33: Rusak Ringan | C33: 14 | D33: Unit | E33: 2024 | H33: Rusak Ringan | I33: 34 | J33: Unit | K33: 2024 | N33: Rusak Ringan | O33: 35 | P33: Unit | Q33: 2024 | T33: Rusak Ringan | U33: 30 | V33: Unit | W33: 2024
B34: Rusak Berat | C34: 7 | D34: Unit | E34: 2024 | H34: Rusak Berat | I34: 25 | J34: Unit | K34: 2024 | N34: Rusak Berat | O34: 11 | P34: Unit | Q34: 2024 | T34: Rusak Berat | U34: 14 | V34: Unit | W34: 2024

Sheet Data Rombel
A1: Data Rombongan Belajar dan Kode kecamatan
A3: Nama Kecamatan | B3: Kode Kecamatan | C3: Rombongan Belajar | D3: Satuan | E3: Tahun
A5: WALED | B5: 3209010 | C5: 178 | D5: Kelas | E5: 2024
A6: CILEDUG | B6: 3209020 | C6: 166 | D6: Kelas | E6: 2024
A7: LOSARI | B7: 3209030 | C7: 144 | D7: Kelas | E7: 2024
A8: PABEDILAN | B8: 3209031 | C8: 370 | D8: Kelas | E8: 2024
A9: BABAKAN | B9: 3209040 | C9: 231 | D9: Kelas | E9: 2024
A10: KARANGSEMBUNG | B10: 3209050 | C10: 144 | D10: Kelas | E10: 2024
A11: LEMAHABANG | B11: 3209060 | C11: 196 | D11: Kelas | E11: 2024
A12: SUSUKANLEBAK | B12: 3209061 | C12: 127 | D12: Kelas | E12: 2024
A13: SEDONG | B13: 3209070 | C13: 158 | D13: Kelas | E13: 2024
A14: ASTANAJAPURA | B14: 3209080 | C14: 186 | D14: Kelas | E14: 2024
A15: PANGENAN | B15: 3209081 | C15: 108 | D15: Kelas | E15: 2024
A16: MUNDU | B16: 3209090 | C16: 200 | D16: Kelas | E16: 2024
... A44: JAMBLANG | B44: 3209191 | C44: 153 | D44: Kelas | E44: 2024

Sheet Integrasi Data
A3: Kode Kecamatan | B3: Nama Kecamatan | C3: Jumlah Siswa | D3: Total BOS | E3: Dana Sarpas | F3: Rombel | G3: Perpustakaan | H3: Tempat Ibadah | I3: Toilet | J3: UKS | K3: Baik | L3: Rusak Ringan | M3: Rusak Berat
A5: 3209010 | B5: WALED | C5: =D5/920000 -> 4921 | D5: 4527320000 | E5: =D5*20% -> 905464000 | F5: 178 | G5: 10 | H5: 2 | I5: 66 | J5: 2 | K5: 74 | L5: 44 | M5: 48
A6: 3209020 | B6: CILEDUG | C6: =D6/920000 -> 3984 | D6: 3665280000 | E6: =D6*20% -> 733056000 | F6: 166 | G6: 11 | H6: 5 | I6: 98 | J6: 3 | K6: 49 | L6: 19 | M6: 10
A7: 3209030 | B7: LOSARI | C7: =D7/920000 -> 3852 | D7: 3543840000 | E7: =D7*20% -> 708768000 | F7: 144 | G7: 11 | H7: 1 | I7: 63 | J7: 4 | K7: 102 | L7: 30 | M7: 14
A8: 3209031 | B8: PABEDILAN | C8: =D8/920000 -> 4632 | D8: 4261440000 | E8: =D8*20% -> 852288000 | F8: 370 | G8: 11 | H8: 4 | I8: 80 | J8: 3 | K8: 63 | L8: 27 | M8: 13
A9: 3209040 | B9: BABAKAN | C9: =D9/920000 -> 6678 | D9: 6143760000 | E9: =D9*20% -> 1228752000 | F9: 231 | G9: 15 | H9: 5 | I9: 111 | J9: 8 | K9: 89 | L9: 35 | M9: 5
A10: 3209050 | B10: KARANGSEMBUNG | C10: =D10/920000 -> 3201 | D10: 2944920000 | E10: =D10*20% -> 588984000 | F10: 144 | G10: 12 | H10: 2 | I10: 73 | J10: 2 | K10: 103 | L10: 36 | M10: 8
A11: 3209060 | B11: LEMAHABANG | C11: =D11/920000 -> 5255 | D11: 4834600000 | E11: =D11*20% -> 966920000 | F11: 196 | G11: 17 | H11: 9 | I11: 115 | J11: 5 | K11: 174 | L11: 38 | M11: 15
A12: 3209061 | B12: SUSUKANLEBAK | C12: =D12/920000 -> 3108 | D12: 2859360000 | E12: =D12*20% -> 571872000 | F12: 127 | G12: 11 | H12: 0 | I12: 50 | J12: 4 | K12: 149 | L12: 25 | M12: 10
A13: 3209070 | B13: SEDONG | C13: =D13/920000 -> 3905 | D13: 3592600000 | E13: =D13*20% -> 718520000 | F13: 158 | G13: 15 | H13: 8 | I13: 96 | J13: 6 | K13: 103 | L13: 30 | M13: 4
A14: 3209080 | B14: ASTANAJAPURA | C14: =D14/920000 -> 4633 | D14: 4262360000 | E14: =D14*20% -> 852472000 | F14: 186 | G14: 20 | H14: 4 | I14: 85 | J14: 3 | K14: 65 | L14: 14 | M14: 7
A15: 3209081 | B15: PANGENAN | C15: =D15/920000 -> 3104 | D15: 2855680000 | E15: =D15*20% -> 571136000 | F15: 108 | G15: 9 | H15: 1 | I15: 40 | J15: 2 | K15: 102 | L15: 25 | M15: 45
A16: 3209090 | B16: MUNDU | C16: =D16/920000 -> 5673 | D16: 5219160000 | E16: =D16*20% -> 1043832000 | F16: 200 | G16: 16 | H16: 9 | I16: 79 | J16: 2 | K16: 70 | L16: 28 | M16: 29
... A44: 3209191 | B44: JAMBLANG | C44: =D44/920000 -> 3243 | D44: 2983560000 | E44: =D44*20% -> 596712000 | F44: 153 | G44: 17 | H44: 5 | I44: 99 | J44: 5 | K44: 65 | L44: 30 | M44: 14

Sheet Variabel
A3: No | B3: Variabel | C3: Jenis | D3: Keterangan
A4: 1 | B4: Jumlah siswa | C4: benefit | D4: Semakin besar → kebutuhan cenderung semakin tinggi
A5: 2 | B5: Total BOS | C5: cost | D5: Semakin besar → kebutuhan cenderung semakin tinggi
A6: 3 | B6: Dana sarpras | C6: cost | D6: Semakin besar alokasi → kemampuan pemenuhan sarpras semakin besar
A7: 4 | B7: Rombel | C7: benefit | D7: Semakin banyak → kebutuhan sarpras cenderung semakin tinggi
A8: 5 | B8: Perpustakaan | C8: cost | D8: Semakin banyak → ketersediaan fasilitas semakin baik
A9: 6 | B9: Tempat ibadah | C9: cost | D9: Semakin banyak → ketersediaan fasilitas semakin baik
A10: 7 | B10: Toilet | C10: cost | D10: Semakin banyak → ketersediaan fasilitas semakin baik
A11: 8 | B11: UKS | C11: cost | D11: Semakin banyak → ketersediaan fasilitas semakin baik
A12: 9 | B12: Baik | C12: cost | D12: Semakin banyak → kondisi sarpras semakin baik
A13: 10 | B13: Rusak ringan | C13: benefit | D13: Semakin banyak → kebutuhan perbaikan semakin tinggi
A14: 11 | B14: Rusak berat | C14: benefit | D14: Semakin banyak → kebutuhan perbaikan semakin tinggi

Sheet Nilai Min-Max
A3: Variabel | B3: Maksimum | C3: Minimum
A4: Jumlah Siswa | B4: 8147 | C4: 2135
A5: Total BOS | B5: 7495240000 | C5: 1964200000
A6: Dana Sarpas | B6: 1499048000 | C6: 392840000
A7: Rombel | B7: 619 | C7: 82
A8: Perpustakaan | B8: 23 | C8: 6
A9: Tempat Ibadah | B9: 24 | C9: 0
A10: Toilet | B10: 245 | C10: 36
A11: UKS | B11: 19 | C11: 0
A12: Baik | B12: 287 | C12: 49
A13: Rusak Ringan | B13: 61 | C13: 14
A14: Rusak Berat | B14: 48 | C14: 4

Sheet Nilai Normalisasi
A1: Tabel Hasil Nilai Normalisasi
A3: Nama Kecamatan | B3: Jumlah Siswa | C3: Total BOS | D3: Dana Sarpas | E3: Rombel | F3: Perpustakaan | G3: Tempat Ibadah | H3: Toilet | I3: UKS | J3: Baik | K3: Rusak Ringan | L3: Rusak Berat
A5: WALED | B5: 0.4634 | C5: 0.5366 | D5: 0.5366 | E5: 0.1788 | F5: 0.7647 | G5: 0.9167 | H5: 0.8565 | I5: 0.8947 | J5: 0.895 | K5: 0.6383 | L5: 1
A6: CILEDUG | B6: 0.3076 | C6: 0.6924 | D6: 0.6924 | E6: 0.1564 | F6: 0.7059 | G6: 0.7917 | H6: 0.7033 | I6: 0.8421 | J6: 1 | K6: 0.1064 | L6: 0.1364
A7: LOSARI | B7: 0.2856 | C7: 0.7144 | D7: 0.7144 | E7: 0.1155 | F7: 0.7059 | G7: 0.9583 | H7: 0.8708 | I7: 0.7895 | J7: 0.7773 | K7: 0.3404 | L7: 0.2273
A8: PABEDILAN | B8: 0.4153 | C8: 0.5847 | D8: 0.5847 | E8: 0.5363 | F8: 0.7059 | G8: 0.8333 | H8: 0.7895 | I8: 0.8421 | J8: 0.9412 | K8: 0.2766 | L8: 0.2045
A9: BABAKAN | B9: 0.7557 | C9: 0.2443 | D9: 0.2443 | E9: 0.2775 | F9: 0.4706 | G9: 0.7917 | H9: 0.6411 | I9: 0.5789 | J9: 0.8319 | K9: 0.4468 | L9: 0.0227
A10: KARANGSEMBUNG | B10: 0.1773 | C10: 0.8227 | D10: 0.8227 | E10: 0.1155 | F10: 0.6471 | G10: 0.9167 | H10: 0.823 | I10: 0.8947 | J10: 0.7731 | K10: 0.4681 | L10: 0.0909
A11: LEMAHABANG | B11: 0.519 | C11: 0.481 | D11: 0.481 | E11: 0.2123 | F11: 0.3529 | G11: 0.625 | H11: 0.622 | I11: 0.7368 | J11: 0.4748 | K11: 0.5106 | L11: 0.25
A12: SUSUKANLEBAK | B12: 0.1618 | C12: 0.8382 | D12: 0.8382 | E12: 0.0838 | F12: 0.7059 | G12: 1 | H12: 0.933 | I12: 0.7895 | J12: 0.5798 | K12: 0.234 | L12: 0.1364
A13: SEDONG | B13: 0.2944 | C13: 0.7056 | D13: 0.7056 | E13: 0.1415 | F13: 0.4706 | G13: 0.6667 | H13: 0.7129 | I13: 0.6842 | J13: 0.7731 | K13: 0.3404 | L13: 0
A14: ASTANAJAPURA | B14: 0.4155 | C14: 0.5845 | D14: 0.5845 | E14: 0.1937 | F14: 0.1765 | G14: 0.8333 | H14: 0.7656 | I14: 0.8421 | J14: 0.9328 | K14: 0 | L14: 0.0682
A15: PANGENAN | B15: 0.1612 | C15: 0.8388 | D15: 0.8388 | E15: 0.0484 | F15: 0.8235 | G15: 0.9583 | H15: 0.9809 | I15: 0.8947 | J15: 0.7773 | K15: 0.234 | L15: 0.9318
A16: MUNDU | B16: 0.5885 | C16: 0.4115 | D16: 0.4115 | E16: 0.2197 | F16: 0.4118 | G16: 0.625 | H16: 0.7943 | I16: 0.8947 | J16: 0.9118 | K16: 0.2979 | L16: 0.5682
... A44: JAMBLANG | B44: 0.1843 | C44: 0.8157 | D44: 0.8157 | E44: 0.1322 | F44: 0.3529 | G44: 0.7917 | H44: 0.6986 | I44: 0.7368 | J44: 0.9328 | K44: 0.3404 | L44: 0.2273

Sheet Tabel Centroid awal
A3: Variabel | B3: C1 Sumber | C3: C2 Gegesik | D3: C3 Pangenan
A4: Jumlah siswa | B4: 1 | C4: 0.5424 | D4: 0.1612
A5: Total BOS | B5: 0 | C5: 0.4576 | D5: 0.8388
A6: Dana sarpras | B6: 0 | C6: 0.4576 | D6: 0.8388
A7: Rombel | B7: 0.5922 | C7: 0.2793 | D7: 0.0484
A8: Perpustakaan | B8: 0 | C8: 0.4706 | D8: 0.8235
A9: Tempat ibadah | B9: 0 | C9: 0.5833 | D9: 0.9583
A10: Toilet | B10: 0 | C10: 0.6316 | D10: 0.9809
A11: UKS | B11: 0 | C11: 0.7368 | D11: 0.8947
A12: Baik | B12: 0.9748 | C12: 0.7731 | D12: 0.7773
A13: Rusak ringan | B13: 0.234 | C13: 0.3191 | D13: 0.234
A14: Rusak berat | B14: 0.4545 | C14: 0.4773 | D14: 0.9318

Sheet Jarak Iterasi 1
A1: PERHITUNGAN JARAK EUCLIDEAN ITERASI 1 | R1: Variabel | S1: C1 Sumber | T1: C2 Gegesik | U1: C3 Pangenan
R2: Jumlah Siswa | S2: 1 | T2: 0.5424 | U2: 0.1612
R3: Total BOS | S3: 0 | T3: 0.4576 | U3: 0.8388
A4: Nama Kecamatan | B4: X1 | C4: X2 | D4: X3 | E4: X4 | F4: X5 | G4: X6 | H4: X7 | I4: X8 | J4: X9 | K4: X10 | L4: X11 | M4: Jarak C1 | N4: Jarak C2 | O4: Jarak C3 | P4: Cluster | R4: Dana Sarpas | S4: 0 | T4: 0.4576 | U4: 0.8388
A5: WALED | B5: 0.4634 | C5: 0.5366 | D5: 0.5366 | E5: 0.1788 | F5: 0.7647 | G5: 0.9167 | H5: 0.8565 | I5: 0.8947 | J5: 0.895 | K5: 0.6383 | L5: 1 | M5: =SQRT((B5-$S$2)^2+(C5-$S$3)^2+(D5-$S$4)^2+(E5-$S$5)^2+(F5-$S$6)^2+(G5-$S$7)^2+(H5-$S$8)^2+(I5-$S$9)^2+(J5-$S$10)^2+(K5-$S$11)^2+(L5-$S$12)^2) -> 2.1121791 | N5: =SQRT((B5-$T$2)^2+(C5-$T$3)^2+(D5-$T$4)^2+(E5-$T$5)^2+(F5-$T$6)^2+(G5-$T$7)^2+(H5-$T$8)^2+(I5-$T$9)^2+(J5-$T$10)^2+(K5-$T$11)^2+(L5-$T$12)^2) -> 0.83183507 | O5: =SQRT((B5-$U$2)^2+(C5-$U$3)^2+(D5-$U$4)^2+(E5-$U$5)^2+(F5-$U$6)^2+(G5-$U$7)^2+(H5-$U$8)^2+(I5-$U$9)^2+(J5-$U$10)^2+(K5-$U$11)^2+(L5-$U$12)^2) -> 0.70257032 | P5: =IF(M5=MIN(M5:O5),$R$14,IF(N5=MIN(M5:O5),$R$15,$R$16)) -> C3 | R5: Rombel | S5: 0.5922 | T5: 0.2793 | U5: 0.0484
A6: CILEDUG | B6: 0.3076 | C6: 0.6924 | D6: 0.6924 | E6: 0.1564 | F6: 0.7059 | G6: 0.7917 | H6: 0.7033 | I6: 0.8421 | J6: 1 | K6: 0.1064 | L6: 0.1364 | M6: =SQRT((B6-$S$2)^2+(C6-$S$3)^2+(D6-$S$4)^2+(E6-$S$5)^2+(F6-$S$6)^2+(G6-$S$7)^2+(H6-$S$8)^2+(I6-$S$9)^2+(J6-$S$10)^2+(K6-$S$11)^2+(L6-$S$12)^2) -> 2.0186942 | N6: =SQRT((B6-$T$2)^2+(C6-$T$3)^2+(D6-$T$4)^2+(E6-$T$5)^2+(F6-$T$6)^2+(G6-$T$7)^2+(H6-$T$8)^2+(I6-$T$9)^2+(J6-$T$10)^2+(K6-$T$11)^2+(L6-$T$12)^2) -> 0.71306442 | O6: =SQRT((B6-$U$2)^2+(C6-$U$3)^2+(D6-$U$4)^2+(E6-$U$5)^2+(F6-$U$6)^2+(G6-$U$7)^2+(H6-$U$8)^2+(I6-$U$9)^2+(J6-$U$10)^2+(K6-$U$11)^2+(L6-$U$12)^2) -> 0.94652783 | P6: =IF(M6=MIN(M6:O6),$R$14,IF(N6=MIN(M6:O6),$R$15,$R$16)) -> C2 | R6: Perpustakaan | S6: 0 | T6: 0.4706 | U6: 0.8235
A7: LOSARI | B7: 0.2856 | C7: 0.7144 | D7: 0.7144 | E7: 0.1155 | F7: 0.7059 | G7: 0.9583 | H7: 0.8708 | I7: 0.7895 | J7: 0.7773 | K7: 0.3404 | L7: 0.2273 | M7: =SQRT((B7-$S$2)^2+(C7-$S$3)^2+(D7-$S$4)^2+(E7-$S$5)^2+(F7-$S$6)^2+(G7-$S$7)^2+(H7-$S$8)^2+(I7-$S$9)^2+(J7-$S$10)^2+(K7-$S$11)^2+(L7-$S$12)^2) -> 2.1583625 | N7: =SQRT((B7-$T$2)^2+(C7-$T$3)^2+(D7-$T$4)^2+(E7-$T$5)^2+(F7-$T$6)^2+(G7-$T$7)^2+(H7-$T$8)^2+(I7-$T$9)^2+(J7-$T$10)^2+(K7-$T$11)^2+(L7-$T$12)^2) -> 0.73730964 | O7: =SQRT((B7-$U$2)^2+(C7-$U$3)^2+(D7-$U$4)^2+(E7-$U$5)^2+(F7-$U$6)^2+(G7-$U$7)^2+(H7-$U$8)^2+(I7-$U$9)^2+(J7-$U$10)^2+(K7-$U$11)^2+(L7-$U$12)^2) -> 0.77174381 | P7: =IF(M7=MIN(M7:O7),$R$14,IF(N7=MIN(M7:O7),$R$15,$R$16)) -> C2 | R7: Tempat Ibadah | S7: 0 | T7: 0.5833 | U7: 0.9583
A8: PABEDILAN | B8: 0.4153 | C8: 0.5847 | D8: 0.5847 | E8: 0.5363 | F8: 0.7059 | G8: 0.8333 | H8: 0.7895 | I8: 0.8421 | J8: 0.9412 | K8: 0.2766 | L8: 0.2045 | M8: =SQRT((B8-$S$2)^2+(C8-$S$3)^2+(D8-$S$4)^2+(E8-$S$5)^2+(F8-$S$6)^2+(G8-$S$7)^2+(H8-$S$8)^2+(I8-$S$9)^2+(J8-$S$10)^2+(K8-$S$11)^2+(L8-$S$12)^2) -> 1.9024503 | N8: =SQRT((B8-$T$2)^2+(C8-$T$3)^2+(D8-$T$4)^2+(E8-$T$5)^2+(F8-$T$6)^2+(G8-$T$7)^2+(H8-$T$8)^2+(I8-$T$9)^2+(J8-$T$10)^2+(K8-$T$11)^2+(L8-$T$12)^2) -> 0.61064107 | O8: =SQRT((B8-$U$2)^2+(C8-$U$3)^2+(D8-$U$4)^2+(E8-$U$5)^2+(F8-$U$6)^2+(G8-$U$7)^2+(H8-$U$8)^2+(I8-$U$9)^2+(J8-$U$10)^2+(K8-$U$11)^2+(L8-$U$12)^2) -> 1.0287106 | P8: =IF(M8=MIN(M8:O8),$R$14,IF(N8=MIN(M8:O8),$R$15,$R$16)) -> C2 | R8: Toilet | S8: 0 | T8: 0.6316 | U8: 0.9809
A9: BABAKAN | B9: 0.7557 | C9: 0.2443 | D9: 0.2443 | E9: 0.2775 | F9: 0.4706 | G9: 0.7917 | H9: 0.6411 | I9: 0.5789 | J9: 0.8319 | K9: 0.4468 | L9: 0.0227 | M9: =SQRT((B9-$S$2)^2+(C9-$S$3)^2+(D9-$S$4)^2+(E9-$S$5)^2+(F9-$S$6)^2+(G9-$S$7)^2+(H9-$S$8)^2+(I9-$S$9)^2+(J9-$S$10)^2+(K9-$S$11)^2+(L9-$S$12)^2) -> 1.4576099 | N9: =SQRT((B9-$T$2)^2+(C9-$T$3)^2+(D9-$T$4)^2+(E9-$T$5)^2+(F9-$T$6)^2+(G9-$T$7)^2+(H9-$T$8)^2+(I9-$T$9)^2+(J9-$T$10)^2+(K9-$T$11)^2+(L9-$T$12)^2) -> 0.65678994 | O9: =SQRT((B9-$U$2)^2+(C9-$U$3)^2+(D9-$U$4)^2+(E9-$U$5)^2+(F9-$U$6)^2+(G9-$U$7)^2+(H9-$U$8)^2+(I9-$U$9)^2+(J9-$U$10)^2+(K9-$U$11)^2+(L9-$U$12)^2) -> 1.5345987 | P9: =IF(M9=MIN(M9:O9),$R$14,IF(N9=MIN(M9:O9),$R$15,$R$16)) -> C2 | R9: UKS | S9: 0 | T9: 0.7368 | U9: 0.8947
A10: KARANGSEMBUNG | B10: 0.1773 | C10: 0.8227 | D10: 0.8227 | E10: 0.1155 | F10: 0.6471 | G10: 0.9167 | H10: 0.823 | I10: 0.8947 | J10: 0.7731 | K10: 0.4681 | L10: 0.0909 | M10: =SQRT((B10-$S$2)^2+(C10-$S$3)^2+(D10-$S$4)^2+(E10-$S$5)^2+(F10-$S$6)^2+(G10-$S$7)^2+(H10-$S$8)^2+(I10-$S$9)^2+(J10-$S$10)^2+(K10-$S$11)^2+(L10-$S$12)^2) -> 2.2852426 | N10: =SQRT((B10-$T$2)^2+(C10-$T$3)^2+(D10-$T$4)^2+(E10-$T$5)^2+(F10-$T$6)^2+(G10-$T$7)^2+(H10-$T$8)^2+(I10-$T$9)^2+(J10-$T$10)^2+(K10-$T$11)^2+(L10-$T$12)^2) -> 0.89560293 | O10: =SQRT((B10-$U$2)^2+(C10-$U$3)^2+(D10-$U$4)^2+(E10-$U$5)^2+(F10-$U$6)^2+(G10-$U$7)^2+(H10-$U$8)^2+(I10-$U$9)^2+(J10-$U$10)^2+(K10-$U$11)^2+(L10-$U$12)^2) -> 0.90829138 | P10: =IF(M10=MIN(M10:O10),$R$14,IF(N10=MIN(M10:O10),$R$15,$R$16)) -> C2 | R10: Baik | S10: 0.9748 | T10: 0.7731 | U10: 0.7773
A11: LEMAHABANG | B11: 0.519 | C11: 0.481 | D11: 0.481 | E11: 0.2123 | F11: 0.3529 | G11: 0.625 | H11: 0.622 | I11: 0.7368 | J11: 0.4748 | K11: 0.5106 | L11: 0.25 | M11: =SQRT((B11-$S$2)^2+(C11-$S$3)^2+(D11-$S$4)^2+(E11-$S$5)^2+(F11-$S$6)^2+(G11-$S$7)^2+(H11-$S$8)^2+(I11-$S$9)^2+(J11-$S$10)^2+(K11-$S$11)^2+(L11-$S$12)^2) -> 1.6283908 | N11: =SQRT((B11-$T$2)^2+(C11-$T$3)^2+(D11-$T$4)^2+(E11-$T$5)^2+(F11-$T$6)^2+(G11-$T$7)^2+(H11-$T$8)^2+(I11-$T$9)^2+(J11-$T$10)^2+(K11-$T$11)^2+(L11-$T$12)^2) -> 0.44624707 | O11: =SQRT((B11-$U$2)^2+(C11-$U$3)^2+(D11-$U$4)^2+(E11-$U$5)^2+(F11-$U$6)^2+(G11-$U$7)^2+(H11-$U$8)^2+(I11-$U$9)^2+(J11-$U$10)^2+(K11-$U$11)^2+(L11-$U$12)^2) -> 1.2369663 | P11: =IF(M11=MIN(M11:O11),$R$14,IF(N11=MIN(M11:O11),$R$15,$R$16)) -> C2 | R11: Rusak Ringan | S11: 0.234 | T11: 0.3191 | U11: 0.234
A12: SUSUKANLEBAK | B12: 0.1618 | C12: 0.8382 | D12: 0.8382 | E12: 0.0838 | F12: 0.7059 | G12: 1 | H12: 0.933 | I12: 0.7895 | J12: 0.5798 | K12: 0.234 | L12: 0.1364 | M12: =SQRT((B12-$S$2)^2+(C12-$S$3)^2+(D12-$S$4)^2+(E12-$S$5)^2+(F12-$S$6)^2+(G12-$S$7)^2+(H12-$S$8)^2+(I12-$S$9)^2+(J12-$S$10)^2+(K12-$S$11)^2+(L12-$S$12)^2) -> 2.3697078 | N12: =SQRT((B12-$T$2)^2+(C12-$T$3)^2+(D12-$T$4)^2+(E12-$T$5)^2+(F12-$T$6)^2+(G12-$T$7)^2+(H12-$T$8)^2+(I12-$T$9)^2+(J12-$T$10)^2+(K12-$T$11)^2+(L12-$T$12)^2) -> 0.97787181 | O12: =SQRT((B12-$U$2)^2+(C12-$U$3)^2+(D12-$U$4)^2+(E12-$U$5)^2+(F12-$U$6)^2+(G12-$U$7)^2+(H12-$U$8)^2+(I12-$U$9)^2+(J12-$U$10)^2+(K12-$U$11)^2+(L12-$U$12)^2) -> 0.83776593 | P12: =IF(M12=MIN(M12:O12),$R$14,IF(N12=MIN(M12:O12),$R$15,$R$16)) -> C3 | R12: Rusak Berat | S12: 0.4545 | T12: 0.4773 | U12: 0.9318
A13: SEDONG | B13: 0.2944 | C13: 0.7056 | D13: 0.7056 | E13: 0.1415 | F13: 0.4706 | G13: 0.6667 | H13: 0.7129 | I13: 0.6842 | J13: 0.7731 | K13: 0.3404 | L13: 0 | M13: =SQRT((B13-$S$2)^2+(C13-$S$3)^2+(D13-$S$4)^2+(E13-$S$5)^2+(F13-$S$6)^2+(G13-$S$7)^2+(H13-$S$8)^2+(I13-$S$9)^2+(J13-$S$10)^2+(K13-$S$11)^2+(L13-$S$12)^2) -> 1.8967414 | N13: =SQRT((B13-$T$2)^2+(C13-$T$3)^2+(D13-$T$4)^2+(E13-$T$5)^2+(F13-$T$6)^2+(G13-$T$7)^2+(H13-$T$8)^2+(I13-$T$9)^2+(J13-$T$10)^2+(K13-$T$11)^2+(L13-$T$12)^2) -> 0.66940409 | O13: =SQRT((B13-$U$2)^2+(C13-$U$3)^2+(D13-$U$4)^2+(E13-$U$5)^2+(F13-$U$6)^2+(G13-$U$7)^2+(H13-$U$8)^2+(I13-$U$9)^2+(J13-$U$10)^2+(K13-$U$11)^2+(L13-$U$12)^2) -> 1.1256942 | P13: =IF(M13=MIN(M13:O13),$R$14,IF(N13=MIN(M13:O13),$R$15,$R$16)) -> C2
A14: ASTANAJAPURA | B14: 0.4155 | C14: 0.5845 | D14: 0.5845 | E14: 0.1937 | F14: 0.1765 | G14: 0.8333 | H14: 0.7656 | I14: 0.8421 | J14: 0.9328 | K14: 0 | L14: 0.0682 | M14: =SQRT((B14-$S$2)^2+(C14-$S$3)^2+(D14-$S$4)^2+(E14-$S$5)^2+(F14-$S$6)^2+(G14-$S$7)^2+(H14-$S$8)^2+(I14-$S$9)^2+(J14-$S$10)^2+(K14-$S$11)^2+(L14-$S$12)^2) -> 1.8466964 | N14: =SQRT((B14-$T$2)^2+(C14-$T$3)^2+(D14-$T$4)^2+(E14-$T$5)^2+(F14-$T$6)^2+(G14-$T$7)^2+(H14-$T$8)^2+(I14-$T$9)^2+(J14-$T$10)^2+(K14-$T$11)^2+(L14-$T$12)^2) -> 0.72688981 | O14: =SQRT((B14-$U$2)^2+(C14-$U$3)^2+(D14-$U$4)^2+(E14-$U$5)^2+(F14-$U$6)^2+(G14-$U$7)^2+(H14-$U$8)^2+(I14-$U$9)^2+(J14-$U$10)^2+(K14-$U$11)^2+(L14-$U$12)^2) -> 1.2341854 | P14: =IF(M14=MIN(M14:O14),$R$14,IF(N14=MIN(M14:O14),$R$15,$R$16)) -> C2 | R14: C1
A15: PANGENAN | B15: 0.1612 | C15: 0.8388 | D15: 0.8388 | E15: 0.0484 | F15: 0.8235 | G15: 0.9583 | H15: 0.9809 | I15: 0.8947 | J15: 0.7773 | K15: 0.234 | L15: 0.9318 | M15: =SQRT((B15-$S$2)^2+(C15-$S$3)^2+(D15-$S$4)^2+(E15-$S$5)^2+(F15-$S$6)^2+(G15-$S$7)^2+(H15-$S$8)^2+(I15-$S$9)^2+(J15-$S$10)^2+(K15-$S$11)^2+(L15-$S$12)^2) -> 2.4561027 | N15: =SQRT((B15-$T$2)^2+(C15-$T$3)^2+(D15-$T$4)^2+(E15-$T$5)^2+(F15-$T$6)^2+(G15-$T$7)^2+(H15-$T$8)^2+(I15-$T$9)^2+(J15-$T$10)^2+(K15-$T$11)^2+(L15-$T$12)^2) -> 1.0560262 | O15: =SQRT((B15-$U$2)^2+(C15-$U$3)^2+(D15-$U$4)^2+(E15-$U$5)^2+(F15-$U$6)^2+(G15-$U$7)^2+(H15-$U$8)^2+(I15-$U$9)^2+(J15-$U$10)^2+(K15-$U$11)^2+(L15-$U$12)^2) -> 0 | P15: =IF(M15=MIN(M15:O15),$R$14,IF(N15=MIN(M15:O15),$R$15,$R$16)) -> C3 | R15: C2
A16: MUNDU | B16: 0.5885 | C16: 0.4115 | D16: 0.4115 | E16: 0.2197 | F16: 0.4118 | G16: 0.625 | H16: 0.7943 | I16: 0.8947 | J16: 0.9118 | K16: 0.2979 | L16: 0.5682 | M16: =SQRT((B16-$S$2)^2+(C16-$S$3)^2+(D16-$S$4)^2+(E16-$S$5)^2+(F16-$S$6)^2+(G16-$S$7)^2+(H16-$S$8)^2+(I16-$S$9)^2+(J16-$S$10)^2+(K16-$S$11)^2+(L16-$S$12)^2) -> 1.6307476 | N16: =SQRT((B16-$T$2)^2+(C16-$T$3)^2+(D16-$T$4)^2+(E16-$T$5)^2+(F16-$T$6)^2+(G16-$T$7)^2+(H16-$T$8)^2+(I16-$T$9)^2+(J16-$T$10)^2+(K16-$T$11)^2+(L16-$T$12)^2) -> 0.30737235 | O16: =SQRT((B16-$U$2)^2+(C16-$U$3)^2+(D16-$U$4)^2+(E16-$U$5)^2+(F16-$U$6)^2+(G16-$U$7)^2+(H16-$U$8)^2+(I16-$U$9)^2+(J16-$U$10)^2+(K16-$U$11)^2+(L16-$U$12)^2) -> 1.0231732 | P16: =IF(M16=MIN(M16:O16),$R$14,IF(N16=MIN(M16:O16),$R$15,$R$16)) -> C2 | R16: C3
A17: BEBER | B17: 0.3626 | C17: 0.6374 | D17: 0.6374 | E17: 0.1248 | F17: 0.5294 | G17: 0.4167 | H17: 0.6842 | I17: 0.6842 | J17: 0.8529 | K17: 0.1277 | L17: 0.4773 | M17: =SQRT((B17-$S$2)^2+(C17-$S$3)^2+(D17-$S$4)^2+(E17-$S$5)^2+(F17-$S$6)^2+(G17-$S$7)^2+(H17-$S$8)^2+(I17-$S$9)^2+(J17-$S$10)^2+(K17-$S$11)^2+(L17-$S$12)^2) -> 1.6894202 | N17: =SQRT((B17-$T$2)^2+(C17-$T$3)^2+(D17-$T$4)^2+(E17-$T$5)^2+(F17-$T$6)^2+(G17-$T$7)^2+(H17-$T$8)^2+(I17-$T$9)^2+(J17-$T$10)^2+(K17-$T$11)^2+(L17-$T$12)^2) -> 0.44788714 | O17: =SQRT((B17-$U$2)^2+(C17-$U$3)^2+(D17-$U$4)^2+(E17-$U$5)^2+(F17-$U$6)^2+(G17-$U$7)^2+(H17-$U$8)^2+(I17-$U$9)^2+(J17-$U$10)^2+(K17-$U$11)^2+(L17-$U$12)^2) -> 0.92912574 | P17: =IF(M17=MIN(M17:O17),$R$14,IF(N17=MIN(M17:O17),$R$15,$R$16)) -> C2
A18: TALUN | B18: 0.4563 | C18: 0.5437 | D18: 0.5437 | E18: 0.2626 | F18: 0.2353 | G18: 0.4583 | H18: 0.5885 | I18: 0.5789 | J18: 0.7269 | K18: 0.383 | L18: 0.4318 | M18: =SQRT((B18-$S$2)^2+(C18-$S$3)^2+(D18-$S$4)^2+(E18-$S$5)^2+(F18-$S$6)^2+(G18-$S$7)^2+(H18-$S$8)^2+(I18-$S$9)^2+(J18-$S$10)^2+(K18-$S$11)^2+(L18-$S$12)^2) -> 1.4235513 | N18: =SQRT((B18-$T$2)^2+(C18-$T$3)^2+(D18-$T$4)^2+(E18-$T$5)^2+(F18-$T$6)^2+(G18-$T$7)^2+(H18-$T$8)^2+(I18-$T$9)^2+(J18-$T$10)^2+(K18-$T$11)^2+(L18-$T$12)^2) -> 0.35859103 | O18: =SQRT((B18-$U$2)^2+(C18-$U$3)^2+(D18-$U$4)^2+(E18-$U$5)^2+(F18-$U$6)^2+(G18-$U$7)^2+(H18-$U$8)^2+(I18-$U$9)^2+(J18-$U$10)^2+(K18-$U$11)^2+(L18-$U$12)^2) -> 1.1964788 | P18: =IF(M18=MIN(M18:O18),$R$14,IF(N18=MIN(M18:O18),$R$15,$R$16)) -> C2
A19: SUMBER | B19: 1 | C19: 0 | D19: 0 | E19: 0.5922 | F19: 0 | G19: 0 | H19: 0 | I19: 0 | J19: 0.9748 | K19: 0.234 | L19: 0.4545 | M19: =SQRT((B19-$S$2)^2+(C19-$S$3)^2+(D19-$S$4)^2+(E19-$S$5)^2+(F19-$S$6)^2+(G19-$S$7)^2+(H19-$S$8)^2+(I19-$S$9)^2+(J19-$S$10)^2+(K19-$S$11)^2+(L19-$S$12)^2) -> 0 | N19: =SQRT((B19-$T$2)^2+(C19-$T$3)^2+(D19-$T$4)^2+(E19-$T$5)^2+(F19-$T$6)^2+(G19-$T$7)^2+(H19-$T$8)^2+(I19-$T$9)^2+(J19-$T$10)^2+(K19-$T$11)^2+(L19-$T$12)^2) -> 1.5093179 | O19: =SQRT((B19-$U$2)^2+(C19-$U$3)^2+(D19-$U$4)^2+(E19-$U$5)^2+(F19-$U$6)^2+(G19-$U$7)^2+(H19-$U$8)^2+(I19-$U$9)^2+(J19-$U$10)^2+(K19-$U$11)^2+(L19-$U$12)^2) -> 2.4561027 | P19: =IF(M19=MIN(M19:O19),$R$14,IF(N19=MIN(M19:O19),$R$15,$R$16)) -> C1
A20: DUKUPUNTANG | B20: 0.3235 | C20: 0.6765 | D20: 0.6765 | E20: 1 | F20: 0.2941 | G20: 0.3333 | H20: 0.6077 | I20: 0.8421 | J20: 0.8235 | K20: 0.2979 | L20: 0.5227 | M20: =SQRT((B20-$S$2)^2+(C20-$S$3)^2+(D20-$S$4)^2+(E20-$S$5)^2+(F20-$S$6)^2+(G20-$S$7)^2+(H20-$S$8)^2+(I20-$S$9)^2+(J20-$S$10)^2+(K20-$S$11)^2+(L20-$S$12)^2) -> 1.6872757 | N20: =SQRT((B20-$T$2)^2+(C20-$T$3)^2+(D20-$T$4)^2+(E20-$T$5)^2+(F20-$T$6)^2+(G20-$T$7)^2+(H20-$T$8)^2+(I20-$T$9)^2+(J20-$T$10)^2+(K20-$T$11)^2+(L20-$T$12)^2) -> 0.87950124 | O20: =SQRT((B20-$U$2)^2+(C20-$U$3)^2+(D20-$U$4)^2+(E20-$U$5)^2+(F20-$U$6)^2+(G20-$U$7)^2+(H20-$U$8)^2+(I20-$U$9)^2+(J20-$U$10)^2+(K20-$U$11)^2+(L20-$U$12)^2) -> 1.403952 | P20: =IF(M20=MIN(M20:O20),$R$14,IF(N20=MIN(M20:O20),$R$15,$R$16)) -> C2
A21: PALIMANAN | B21: 0.601 | C21: 0.399 | D21: 0.399 | E21: 0.2831 | F21: 0.4118 | G21: 0.5833 | H21: 0.689 | I21: 0.7895 | J21: 0.9286 | K21: 0.4468 | L21: 0.4318 | M21: =SQRT((B21-$S$2)^2+(C21-$S$3)^2+(D21-$S$4)^2+(E21-$S$5)^2+(F21-$S$6)^2+(G21-$S$7)^2+(H21-$S$8)^2+(I21-$S$9)^2+(J21-$S$10)^2+(K21-$S$11)^2+(L21-$S$12)^2) -> 1.4929597 | N21: =SQRT((B21-$T$2)^2+(C21-$T$3)^2+(D21-$T$4)^2+(E21-$T$5)^2+(F21-$T$6)^2+(G21-$T$7)^2+(H21-$T$8)^2+(I21-$T$9)^2+(J21-$T$10)^2+(K21-$T$11)^2+(L21-$T$12)^2) -> 0.24980713 | O21: =SQRT((B21-$U$2)^2+(C21-$U$3)^2+(D21-$U$4)^2+(E21-$U$5)^2+(F21-$U$6)^2+(G21-$U$7)^2+(H21-$U$8)^2+(I21-$U$9)^2+(J21-$U$10)^2+(K21-$U$11)^2+(L21-$U$12)^2) -> 1.1661588 | P21: =IF(M21=MIN(M21:O21),$R$14,IF(N21=MIN(M21:O21),$R$15,$R$16)) -> C2
A22: PLUMBON | B22: 0.7231 | C22: 0.2769 | D22: 0.2769 | E22: 0.3743 | F22: 0 | G22: 0.4583 | H22: 0.4545 | I22: 0.2632 | J22: 0.895 | K22: 0.0851 | L22: 0.6136 | M22: =SQRT((B22-$S$2)^2+(C22-$S$3)^2+(D22-$S$4)^2+(E22-$S$5)^2+(F22-$S$6)^2+(G22-$S$7)^2+(H22-$S$8)^2+(I22-$S$9)^2+(J22-$S$10)^2+(K22-$S$11)^2+(L22-$S$12)^2) -> 0.90401144 | N22: =SQRT((B22-$T$2)^2+(C22-$T$3)^2+(D22-$T$4)^2+(E22-$T$5)^2+(F22-$T$6)^2+(G22-$T$7)^2+(H22-$T$8)^2+(I22-$T$9)^2+(J22-$T$10)^2+(K22-$T$11)^2+(L22-$T$12)^2) -> 0.82941335 | O22: =SQRT((B22-$U$2)^2+(C22-$U$3)^2+(D22-$U$4)^2+(E22-$U$5)^2+(F22-$U$6)^2+(G22-$U$7)^2+(H22-$U$8)^2+(I22-$U$9)^2+(J22-$U$10)^2+(K22-$U$11)^2+(L22-$U$12)^2) -> 1.6717425 | P22: =IF(M22=MIN(M22:O22),$R$14,IF(N22=MIN(M22:O22),$R$15,$R$16)) -> C2
A23: WERU | B23: 0.5935 | C23: 0.4065 | D23: 0.4065 | E23: 0.2272 | F23: 0.2941 | G23: 0.4583 | H23: 0.6507 | I23: 0.5263 | J23: 0.5504 | K23: 0.5957 | L23: 0.5455 | M23: =SQRT((B23-$S$2)^2+(C23-$S$3)^2+(D23-$S$4)^2+(E23-$S$5)^2+(F23-$S$6)^2+(G23-$S$7)^2+(H23-$S$8)^2+(I23-$S$9)^2+(J23-$S$10)^2+(K23-$S$11)^2+(L23-$S$12)^2) -> 1.3946723 | N23: =SQRT((B23-$T$2)^2+(C23-$T$3)^2+(D23-$T$4)^2+(E23-$T$5)^2+(F23-$T$6)^2+(G23-$T$7)^2+(H23-$T$8)^2+(I23-$T$9)^2+(J23-$T$10)^2+(K23-$T$11)^2+(L23-$T$12)^2) -> 0.48244631 | O23: =SQRT((B23-$U$2)^2+(C23-$U$3)^2+(D23-$U$4)^2+(E23-$U$5)^2+(F23-$U$6)^2+(G23-$U$7)^2+(H23-$U$8)^2+(I23-$U$9)^2+(J23-$U$10)^2+(K23-$U$11)^2+(L23-$U$12)^2) -> 1.3035231 | P23: =IF(M23=MIN(M23:O23),$R$14,IF(N23=MIN(M23:O23),$R$15,$R$16)) -> C2
A24: KEDAWUNG | B24: 0.2152 | C24: 0.7848 | D24: 0.7848 | E24: 0.1806 | F24: 0.4706 | G24: 0.5417 | H24: 0.5359 | I24: 0.5263 | J24: 0 | K24: 0.4255 | L24: 0.4773 | M24: =SQRT((B24-$S$2)^2+(C24-$S$3)^2+(D24-$S$4)^2+(E24-$S$5)^2+(F24-$S$6)^2+(G24-$S$7)^2+(H24-$S$8)^2+(I24-$S$9)^2+(J24-$S$10)^2+(K24-$S$11)^2+(L24-$S$12)^2) -> 2.0208064 | N24: =SQRT((B24-$T$2)^2+(C24-$T$3)^2+(D24-$T$4)^2+(E24-$T$5)^2+(F24-$T$6)^2+(G24-$T$7)^2+(H24-$T$8)^2+(I24-$T$9)^2+(J24-$T$10)^2+(K24-$T$11)^2+(L24-$T$12)^2) -> 0.99755956 | O24: =SQRT((B24-$U$2)^2+(C24-$U$3)^2+(D24-$U$4)^2+(E24-$U$5)^2+(F24-$U$6)^2+(G24-$U$7)^2+(H24-$U$8)^2+(I24-$U$9)^2+(J24-$U$10)^2+(K24-$U$11)^2+(L24-$U$12)^2) -> 1.2269882 | P24: =IF(M24=MIN(M24:O24),$R$14,IF(N24=MIN(M24:O24),$R$15,$R$16)) -> C2
A25: GUNUNGJATI | B25: 0.4817 | C25: 0.5183 | D25: 0.5183 | E25: 0.2961 | F25: 0.3529 | G25: 0.375 | H25: 0.5789 | I25: 0.6842 | J25: 0.8319 | K25: 1 | L25: 0.5455 | M25: =SQRT((B25-$S$2)^2+(C25-$S$3)^2+(D25-$S$4)^2+(E25-$S$5)^2+(F25-$S$6)^2+(G25-$S$7)^2+(H25-$S$8)^2+(I25-$S$9)^2+(J25-$S$10)^2+(K25-$S$11)^2+(L25-$S$12)^2) -> 1.6054456 | N25: =SQRT((B25-$T$2)^2+(C25-$T$3)^2+(D25-$T$4)^2+(E25-$T$5)^2+(F25-$T$6)^2+(G25-$T$7)^2+(H25-$T$8)^2+(I25-$T$9)^2+(J25-$T$10)^2+(K25-$T$11)^2+(L25-$T$12)^2) -> 0.7388203 | O25: =SQRT((B25-$U$2)^2+(C25-$U$3)^2+(D25-$U$4)^2+(E25-$U$5)^2+(F25-$U$6)^2+(G25-$U$7)^2+(H25-$U$8)^2+(I25-$U$9)^2+(J25-$U$10)^2+(K25-$U$11)^2+(L25-$U$12)^2) -> 1.3697074 | P25: =IF(M25=MIN(M25:O25),$R$14,IF(N25=MIN(M25:O25),$R$15,$R$16)) -> C2
A26: KAPETAKAN | B26: 0.5291 | C26: 0.4709 | D26: 0.4709 | E26: 0.2197 | F26: 0.4706 | G26: 0.8333 | H26: 0.9282 | I26: 0.8947 | J26: 0.6513 | K26: 0.7872 | L26: 0.5909 | M26: =SQRT((B26-$S$2)^2+(C26-$S$3)^2+(D26-$S$4)^2+(E26-$S$5)^2+(F26-$S$6)^2+(G26-$S$7)^2+(H26-$S$8)^2+(I26-$S$9)^2+(J26-$S$10)^2+(K26-$S$11)^2+(L26-$S$12)^2) -> 1.9522246 | N26: =SQRT((B26-$T$2)^2+(C26-$T$3)^2+(D26-$T$4)^2+(E26-$T$5)^2+(F26-$T$6)^2+(G26-$T$7)^2+(H26-$T$8)^2+(I26-$T$9)^2+(J26-$T$10)^2+(K26-$T$11)^2+(L26-$T$12)^2) -> 0.65295069 | O26: =SQRT((B26-$U$2)^2+(C26-$U$3)^2+(D26-$U$4)^2+(E26-$U$5)^2+(F26-$U$6)^2+(G26-$U$7)^2+(H26-$U$8)^2+(I26-$U$9)^2+(J26-$U$10)^2+(K26-$U$11)^2+(L26-$U$12)^2) -> 1.0081938 | P26: =IF(M26=MIN(M26:O26),$R$14,IF(N26=MIN(M26:O26),$R$15,$R$16)) -> C2
A27: KLANGENAN | B27: 0.4734 | C27: 0.5266 | D27: 0.5266 | E27: 0.1955 | F27: 0.4706 | G27: 0.7917 | H27: 0.7943 | I27: 0.6842 | J27: 0.4454 | K27: 0.8085 | L27: 0.1818 | M27: =SQRT((B27-$S$2)^2+(C27-$S$3)^2+(D27-$S$4)^2+(E27-$S$5)^2+(F27-$S$6)^2+(G27-$S$7)^2+(H27-$S$8)^2+(I27-$S$9)^2+(J27-$S$10)^2+(K27-$S$11)^2+(L27-$S$12)^2) -> 1.9029632 | N27: =SQRT((B27-$T$2)^2+(C27-$T$3)^2+(D27-$T$4)^2+(E27-$T$5)^2+(F27-$T$6)^2+(G27-$T$7)^2+(H27-$T$8)^2+(I27-$T$9)^2+(J27-$T$10)^2+(K27-$T$11)^2+(L27-$T$12)^2) -> 0.72676953 | O27: =SQRT((B27-$U$2)^2+(C27-$U$3)^2+(D27-$U$4)^2+(E27-$U$5)^2+(F27-$U$6)^2+(G27-$U$7)^2+(H27-$U$8)^2+(I27-$U$9)^2+(J27-$U$10)^2+(K27-$U$11)^2+(L27-$U$12)^2) -> 1.2442574 | P27: =IF(M27=MIN(M27:O27),$R$14,IF(N27=MIN(M27:O27),$R$15,$R$16)) -> C2
A28: ARJAWINANGUN | B28: 0.7304 | C28: 0.2696 | D28: 0.2696 | E28: 0.352 | F28: 0 | G28: 0.6667 | H28: 0.5263 | I28: 0.4211 | J28: 0.6513 | K28: 0.383 | L28: 0.3409 | M28: =SQRT((B28-$S$2)^2+(C28-$S$3)^2+(D28-$S$4)^2+(E28-$S$5)^2+(F28-$S$6)^2+(G28-$S$7)^2+(H28-$S$8)^2+(I28-$S$9)^2+(J28-$S$10)^2+(K28-$S$11)^2+(L28-$S$12)^2) -> 1.1464347 | N28: =SQRT((B28-$T$2)^2+(C28-$T$3)^2+(D28-$T$4)^2+(E28-$T$5)^2+(F28-$T$6)^2+(G28-$T$7)^2+(H28-$T$8)^2+(I28-$T$9)^2+(J28-$T$10)^2+(K28-$T$11)^2+(L28-$T$12)^2) -> 0.69858085 | O28: =SQRT((B28-$U$2)^2+(C28-$U$3)^2+(D28-$U$4)^2+(E28-$U$5)^2+(F28-$U$6)^2+(G28-$U$7)^2+(H28-$U$8)^2+(I28-$U$9)^2+(J28-$U$10)^2+(K28-$U$11)^2+(L28-$U$12)^2) -> 1.6265053 | P28: =IF(M28=MIN(M28:O28),$R$14,IF(N28=MIN(M28:O28),$R$15,$R$16)) -> C2
... A44: JAMBLANG | B44: 0.1843 | C44: 0.8157 | D44: 0.8157 | E44: 0.1322 | F44: 0.3529 | G44: 0.7917 | H44: 0.6986 | I44: 0.7368 | J44: 0.9328 | K44: 0.3404 | L44: 0.2273 | M44: =SQRT((B44-$S$2)^2+(C44-$S$3)^2+(D44-$S$4)^2+(E44-$S$5)^2+(F44-$S$6)^2+(G44-$S$7)^2+(H44-$S$8)^2+(I44-$S$9)^2+(J44-$S$10)^2+(K44-$S$11)^2+(L44-$S$12)^2) -> 2.0136156 | N44: =SQRT((B44-$T$2)^2+(C44-$T$3)^2+(D44-$T$4)^2+(E44-$T$5)^2+(F44-$T$6)^2+(G44-$T$7)^2+(H44-$T$8)^2+(I44-$T$9)^2+(J44-$T$10)^2+(K44-$T$11)^2+(L44-$T$12)^2) -> 0.74604013 | O44: =SQRT((B44-$U$2)^2+(C44-$U$3)^2+(D44-$U$4)^2+(E44-$U$5)^2+(F44-$U$6)^2+(G44-$U$7)^2+(H44-$U$8)^2+(I44-$U$9)^2+(J44-$U$10)^2+(K44-$U$11)^2+(L44-$U$12)^2) -> 0.94566926 | P44: =IF(M44=MIN(M44:O44),$R$14,IF(N44=MIN(M44:O44),$R$15,$R$16)) -> C2

Sheet Hasil Numerik
A1: Nama Kecamatan | B1: Jarak C1 | C1: Jarak C2 | D1: Jarak C3 | E1: Cluster
A2: WALED | B2: 2.1121791 | C2: 0.83183507 | D2: 0.70257032 | E2: C3
A3: CILEDUG | B3: 2.0186942 | C3: 0.71306442 | D3: 0.94652783 | E3: C2
A4: LOSARI | B4: 2.1583625 | C4: 0.73730964 | D4: 0.77174381 | E4: C2
A5: PABEDILAN | B5: 1.9024503 | C5: 0.61064107 | D5: 1.0287106 | E5: C2
A6: BABAKAN | B6: 1.4576099 | C6: 0.65678994 | D6: 1.5345987 | E6: C2
A7: KARANGSEMBUNG | B7: 2.2852426 | C7: 0.89560293 | D7: 0.90829138 | E7: C2
A8: LEMAHABANG | B8: 1.6283908 | C8: 0.44624707 | D8: 1.2369663 | E8: C2
A9: SUSUKANLEBAK | B9: 2.3697078 | C9: 0.97787181 | D9: 0.83776593 | E9: C3
A10: SEDONG | B10: 1.8967414 | C10: 0.66940409 | D10: 1.1256942 | E10: C2
A11: ASTANAJAPURA | B11: 1.8466964 | C11: 0.72688981 | D11: 1.2341854 | E11: C2
A12: PANGENAN | B12: 2.4561027 | C12: 1.0560262 | D12: 0 | E12: C3
A13: MUNDU | B13: 1.6307476 | C13: 0.30737235 | D13: 1.0231732 | E13: C2
... A41: JAMBLANG | B41: 2.0136156 | C41: 0.74604013 | D41: 0.94566926 | E41: C2

Sheet Centroid Baru Iterasi 2
A1: CENTROID BARU HASIL ITERASI 1
A3: Variabel | B3: C1 Baru | C3: C2 Baru | D3: C3 Baru
A4: Jumlah Siswa | B4: 1 | C4: 0.45972333 | D4: 0.19032222
A5: Total BOS | B5: 0 | C5: 0.54027667 | D5: 0.80967778
A6: Dana Sarpas | B6: 0 | C6: 0.54027667 | D6: 0.80967778
A7: Rombel | B7: 0.5922 | C7: 0.27697667 | D7: 0.083588889
A8: Perpustakaan | B8: 0 | C8: 0.44510333 | D8: 0.76472222
A9: Tempat Ibadah | B9: 0 | C9: 0.66388667 | D9: 0.91666667
A10: Toilet | B10: 0 | C10: 0.70223 | D10: 0.92557778
A11: UKS | B11: 0 | C11: 0.72981 | D11: 0.88888889
A12: Baik | B12: 0.9748 | C12: 0.74972667 | D12: 0.71288889
A13: Rusak Ringan | B13: 0.234 | C13: 0.38581 | D13: 0.42788889
A14: Rusak Berat | B14: 0.4545 | C14: 0.33030333 | D14: 0.47475556
A16: Jumlah anggota | B16: 1 | C16: 30 | D16: 9

Sheet Perhitungan Centroid Baru
A1: PERHITUNGAN RATA-RATA CENTROID BARU
A3: Variabel | B3: C1 Baru | C3: C2 Baru | D3: C3 Baru | F3: Nama Kecamatan | G3: Jumlah Siswa | H3: Total BOS | I3: Dana Sarpas | J3: Rombel | K3: Perpustakaan | L3: Tempat Ibadah | M3: Toilet | N3: UKS | O3: Baik | P3: Rusak Ringan | Q3: Rusak Berat | R3: Cluster Iterasi 1
A4: Jumlah Siswa | B4: =AVERAGEIF($R$4:$R$43,"C1",G$4:G$43) -> 1 | C4: =AVERAGEIF($R$4:$R$43,"C2",G$4:G$43) -> 0.45972333 | D4: =AVERAGEIF($R$4:$R$43,"C3",G$4:G$43) -> 0.19032222 | F4: WALED | G4: 0.4634 | H4: 0.5366 | I4: 0.5366 | J4: 0.1788 | K4: 0.7647 | L4: 0.9167 | M4: 0.8565 | N4: 0.8947 | O4: 0.895 | P4: 0.6383 | Q4: 1 | R4: C3
A5: Total BOS | B5: =AVERAGEIF($R$4:$R$43,"C1",H$4:H$43) -> 0 | C5: =AVERAGEIF($R$4:$R$43,"C2",H$4:H$43) -> 0.54027667 | D5: =AVERAGEIF($R$4:$R$43,"C3",H$4:H$43) -> 0.80967778 | F5: CILEDUG | G5: 0.3076 | H5: 0.6924 | I5: 0.6924 | J5: 0.1564 | K5: 0.7059 | L5: 0.7917 | M5: 0.7033 | N5: 0.8421 | O5: 1 | P5: 0.1064 | Q5: 0.1364 | R5: C2
A6: Dana Sarpas | B6: =AVERAGEIF($R$4:$R$43,"C1",I$4:I$43) -> 0 | C6: =AVERAGEIF($R$4:$R$43,"C2",I$4:I$43) -> 0.54027667 | D6: =AVERAGEIF($R$4:$R$43,"C3",I$4:I$43) -> 0.80967778 | F6: LOSARI | G6: 0.2856 | H6: 0.7144 | I6: 0.7144 | J6: 0.1155 | K6: 0.7059 | L6: 0.9583 | M6: 0.8708 | N6: 0.7895 | O6: 0.7773 | P6: 0.3404 | Q6: 0.2273 | R6: C2
A7: Rombel | B7: =AVERAGEIF($R$4:$R$43,"C1",J$4:J$43) -> 0.5922 | C7: =AVERAGEIF($R$4:$R$43,"C2",J$4:J$43) -> 0.27697667 | D7: =AVERAGEIF($R$4:$R$43,"C3",J$4:J$43) -> 0.083588889 | F7: PABEDILAN | G7: 0.4153 | H7: 0.5847 | I7: 0.5847 | J7: 0.5363 | K7: 0.7059 | L7: 0.8333 | M7: 0.7895 | N7: 0.8421 | O7: 0.9412 | P7: 0.2766 | Q7: 0.2045 | R7: C2
A8: Perpustakaan | B8: =AVERAGEIF($R$4:$R$43,"C1",K$4:K$43) -> 0 | C8: =AVERAGEIF($R$4:$R$43,"C2",K$4:K$43) -> 0.44510333 | D8: =AVERAGEIF($R$4:$R$43,"C3",K$4:K$43) -> 0.76472222 | F8: BABAKAN | G8: 0.7557 | H8: 0.2443 | I8: 0.2443 | J8: 0.2775 | K8: 0.4706 | L8: 0.7917 | M8: 0.6411 | N8: 0.5789 | O8: 0.8319 | P8: 0.4468 | Q8: 0.0227 | R8: C2
A9: Tempat Ibadah | B9: =AVERAGEIF($R$4:$R$43,"C1",L$4:L$43) -> 0 | C9: =AVERAGEIF($R$4:$R$43,"C2",L$4:L$43) -> 0.66388667 | D9: =AVERAGEIF($R$4:$R$43,"C3",L$4:L$43) -> 0.91666667 | F9: KARANGSEMBUNG | G9: 0.1773 | H9: 0.8227 | I9: 0.8227 | J9: 0.1155 | K9: 0.6471 | L9: 0.9167 | M9: 0.823 | N9: 0.8947 | O9: 0.7731 | P9: 0.4681 | Q9: 0.0909 | R9: C2
A10: Toilet | B10: =AVERAGEIF($R$4:$R$43,"C1",M$4:M$43) -> 0 | C10: =AVERAGEIF($R$4:$R$43,"C2",M$4:M$43) -> 0.70223 | D10: =AVERAGEIF($R$4:$R$43,"C3",M$4:M$43) -> 0.92557778 | F10: LEMAHABANG | G10: 0.519 | H10: 0.481 | I10: 0.481 | J10: 0.2123 | K10: 0.3529 | L10: 0.625 | M10: 0.622 | N10: 0.7368 | O10: 0.4748 | P10: 0.5106 | Q10: 0.25 | R10: C2
A11: UKS | B11: =AVERAGEIF($R$4:$R$43,"C1",N$4:N$43) -> 0 | C11: =AVERAGEIF($R$4:$R$43,"C2",N$4:N$43) -> 0.72981 | D11: =AVERAGEIF($R$4:$R$43,"C3",N$4:N$43) -> 0.88888889 | F11: SUSUKANLEBAK | G11: 0.1618 | H11: 0.8382 | I11: 0.8382 | J11: 0.0838 | K11: 0.7059 | L11: 1 | M11: 0.933 | N11: 0.7895 | O11: 0.5798 | P11: 0.234 | Q11: 0.1364 | R11: C3
A12: Baik | B12: =AVERAGEIF($R$4:$R$43,"C1",O$4:O$43) -> 0.9748 | C12: =AVERAGEIF($R$4:$R$43,"C2",O$4:O$43) -> 0.74972667 | D12: =AVERAGEIF($R$4:$R$43,"C3",O$4:O$43) -> 0.71288889 | F12: SEDONG | G12: 0.2944 | H12: 0.7056 | I12: 0.7056 | J12: 0.1415 | K12: 0.4706 | L12: 0.6667 | M12: 0.7129 | N12: 0.6842 | O12: 0.7731 | P12: 0.3404 | Q12: 0 | R12: C2
A13: Rusak Ringan | B13: =AVERAGEIF($R$4:$R$43,"C1",P$4:P$43) -> 0.234 | C13: =AVERAGEIF($R$4:$R$43,"C2",P$4:P$43) -> 0.38581 | D13: =AVERAGEIF($R$4:$R$43,"C3",P$4:P$43) -> 0.42788889 | F13: ASTANAJAPURA | G13: 0.4155 | H13: 0.5845 | I13: 0.5845 | J13: 0.1937 | K13: 0.1765 | L13: 0.8333 | M13: 0.7656 | N13: 0.8421 | O13: 0.9328 | P13: 0 | Q13: 0.0682 | R13: C2
A14: Rusak Berat | B14: =AVERAGEIF($R$4:$R$43,"C1",Q$4:Q$43) -> 0.4545 | C14: =AVERAGEIF($R$4:$R$43,"C2",Q$4:Q$43) -> 0.33030333 | D14: =AVERAGEIF($R$4:$R$43,"C3",Q$4:Q$43) -> 0.47475556 | F14: PANGENAN | G14: 0.1612 | H14: 0.8388 | I14: 0.8388 | J14: 0.0484 | K14: 0.8235 | L14: 0.9583 | M14: 0.9809 | N14: 0.8947 | O14: 0.7773 | P14: 0.234 | Q14: 0.9318 | R14: C3
F15: MUNDU | G15: 0.5885 | H15: 0.4115 | I15: 0.4115 | J15: 0.2197 | K15: 0.4118 | L15: 0.625 | M15: 0.7943 | N15: 0.8947 | O15: 0.9118 | P15: 0.2979 | Q15: 0.5682 | R15: C2
A16: Jumlah anggota | B16: =COUNTIF($R$4:$R$43,"C1") -> 1 | C16: =COUNTIF($R$4:$R$43,"C2") -> 30 | D16: =COUNTIF($R$4:$R$43,"C3") -> 9 | F16: BEBER | G16: 0.3626 | H16: 0.6374 | I16: 0.6374 | J16: 0.1248 | K16: 0.5294 | L16: 0.4167 | M16: 0.6842 | N16: 0.6842 | O16: 0.8529 | P16: 0.1277 | Q16: 0.4773 | R16: C2
F17: TALUN | G17: 0.4563 | H17: 0.5437 | I17: 0.5437 | J17: 0.2626 | K17: 0.2353 | L17: 0.4583 | M17: 0.5885 | N17: 0.5789 | O17: 0.7269 | P17: 0.383 | Q17: 0.4318 | R17: C2
F18: SUMBER | G18: 1 | H18: 0 | I18: 0 | J18: 0.5922 | K18: 0 | L18: 0 | M18: 0 | N18: 0 | O18: 0.9748 | P18: 0.234 | Q18: 0.4545 | R18: C1
F19: DUKUPUNTANG | G19: 0.3235 | H19: 0.6765 | I19: 0.6765 | J19: 1 | K19: 0.2941 | L19: 0.3333 | M19: 0.6077 | N19: 0.8421 | O19: 0.8235 | P19: 0.2979 | Q19: 0.5227 | R19: C2
F20: PALIMANAN | G20: 0.601 | H20: 0.399 | I20: 0.399 | J20: 0.2831 | K20: 0.4118 | L20: 0.5833 | M20: 0.689 | N20: 0.7895 | O20: 0.9286 | P20: 0.4468 | Q20: 0.4318 | R20: C2
F21: PLUMBON | G21: 0.7231 | H21: 0.2769 | I21: 0.2769 | J21: 0.3743 | K21: 0 | L21: 0.4583 | M21: 0.4545 | N21: 0.2632 | O21: 0.895 | P21: 0.0851 | Q21: 0.6136 | R21: C2
F22: WERU | G22: 0.5935 | H22: 0.4065 | I22: 0.4065 | J22: 0.2272 | K22: 0.2941 | L22: 0.4583 | M22: 0.6507 | N22: 0.5263 | O22: 0.5504 | P22: 0.5957 | Q22: 0.5455 | R22: C2
F23: KEDAWUNG | G23: 0.2152 | H23: 0.7848 | I23: 0.7848 | J23: 0.1806 | K23: 0.4706 | L23: 0.5417 | M23: 0.5359 | N23: 0.5263 | O23: 0 | P23: 0.4255 | Q23: 0.4773 | R23: C2
F24: GUNUNGJATI | G24: 0.4817 | H24: 0.5183 | I24: 0.5183 | J24: 0.2961 | K24: 0.3529 | L24: 0.375 | M24: 0.5789 | N24: 0.6842 | O24: 0.8319 | P24: 1 | Q24: 0.5455 | R24: C2
F25: KAPETAKAN | G25: 0.5291 | H25: 0.4709 | I25: 0.4709 | J25: 0.2197 | K25: 0.4706 | L25: 0.8333 | M25: 0.9282 | N25: 0.8947 | O25: 0.6513 | P25: 0.7872 | Q25: 0.5909 | R25: C2
F26: KLANGENAN | G26: 0.4734 | H26: 0.5266 | I26: 0.5266 | J26: 0.1955 | K26: 0.4706 | L26: 0.7917 | M26: 0.7943 | N26: 0.6842 | O26: 0.4454 | P26: 0.8085 | Q26: 0.1818 | R26: C2
F27: ARJAWINANGUN | G27: 0.7304 | H27: 0.2696 | I27: 0.2696 | J27: 0.352 | K27: 0 | L27: 0.6667 | M27: 0.5263 | N27: 0.4211 | O27: 0.6513 | P27: 0.383 | Q27: 0.3409 | R27: C2
F28: PANGURAGAN | G28: 0.1996 | H28: 0.8004 | I28: 0.8004 | J28: 0.1024 | K28: 0.7059 | L28: 0.875 | M28: 0.8804 | N28: 0.8947 | O28: 0.6807 | P28: 0.4681 | Q28: 0.2273 | R28: C3
... F43: JAMBLANG | G43: 0.1843 | H43: 0.8157 | I43: 0.8157 | J43: 0.1322 | K43: 0.3529 | L43: 0.7917 | M43: 0.6986 | N43: 0.7368 | O43: 0.9328 | P43: 0.3404 | Q43: 0.2273 | R43: C2

Sheet Jarak Iterasi 2
A1: PERHITUNGAN JARAK EUCLIDEAN ITERASI 2 | R1: Variabel | S1: C1 Baru | T1: C2 Baru | U1: C3 Baru
A2: Menggunakan centroid baru hasil Iterasi 1 | R2: Jumlah Siswa | S2: 1 | T2: 0.45972333 | U2: 0.19032222
R3: Total BOS | S3: 0 | T3: 0.54027667 | U3: 0.80967778
A4: Nama Kecamatan | B4: X1 | C4: X2 | D4: X3 | E4: X4 | F4: X5 | G4: X6 | H4: X7 | I4: X8 | J4: X9 | K4: X10 | L4: X11 | M4: Jarak C1 | N4: Jarak C2 | O4: Jarak C3 | P4: Cluster | R4: Dana Sarpas | S4: 0 | T4: 0.54027667 | U4: 0.80967778
A5: WALED | B5: 0.4634 | C5: 0.5366 | D5: 0.5366 | E5: 0.1788 | F5: 0.7647 | G5: 0.9167 | H5: 0.8565 | I5: 0.8947 | J5: 0.895 | K5: 0.6383 | L5: 1 | M5: =SQRT((B5-$S$2)^2+(C5-$S$3)^2+(D5-$S$4)^2+(E5-$S$5)^2+(F5-$S$6)^2+(G5-$S$7)^2+(H5-$S$8)^2+(I5-$S$9)^2+(J5-$S$10)^2+(K5-$S$11)^2+(L5-$S$12)^2) -> 2.1121791 | N5: =SQRT((B5-$T$2)^2+(C5-$T$3)^2+(D5-$T$4)^2+(E5-$T$5)^2+(F5-$T$6)^2+(G5-$T$7)^2+(H5-$T$8)^2+(I5-$T$9)^2+(J5-$T$10)^2+(K5-$T$11)^2+(L5-$T$12)^2) -> 0.87182162 | O5: =SQRT((B5-$U$2)^2+(C5-$U$3)^2+(D5-$U$4)^2+(E5-$U$5)^2+(F5-$U$6)^2+(G5-$U$7)^2+(H5-$U$8)^2+(I5-$U$9)^2+(J5-$U$10)^2+(K5-$U$11)^2+(L5-$U$12)^2) -> 0.76870287 | P5: =IF(M5=MIN(M5:O5),$R$14,IF(N5=MIN(M5:O5),$R$15,$R$16)) -> C3 | R5: Rombel | S5: 0.5922 | T5: 0.27697667 | U5: 0.083588889
A6: CILEDUG | B6: 0.3076 | C6: 0.6924 | D6: 0.6924 | E6: 0.1564 | F6: 0.7059 | G6: 0.7917 | H6: 0.7033 | I6: 0.8421 | J6: 1 | K6: 0.1064 | L6: 0.1364 | M6: =SQRT((B6-$S$2)^2+(C6-$S$3)^2+(D6-$S$4)^2+(E6-$S$5)^2+(F6-$S$6)^2+(G6-$S$7)^2+(H6-$S$8)^2+(I6-$S$9)^2+(J6-$S$10)^2+(K6-$S$11)^2+(L6-$S$12)^2) -> 2.0186942 | N6: =SQRT((B6-$T$2)^2+(C6-$T$3)^2+(D6-$T$4)^2+(E6-$T$5)^2+(F6-$T$6)^2+(G6-$T$7)^2+(H6-$T$8)^2+(I6-$T$9)^2+(J6-$T$10)^2+(K6-$T$11)^2+(L6-$T$12)^2) -> 0.59935781 | O6: =SQRT((B6-$U$2)^2+(C6-$U$3)^2+(D6-$U$4)^2+(E6-$U$5)^2+(F6-$U$6)^2+(G6-$U$7)^2+(H6-$U$8)^2+(I6-$U$9)^2+(J6-$U$10)^2+(K6-$U$11)^2+(L6-$U$12)^2) -> 0.64614967 | P6: =IF(M6=MIN(M6:O6),$R$14,IF(N6=MIN(M6:O6),$R$15,$R$16)) -> C2 | R6: Perpustakaan | S6: 0 | T6: 0.44510333 | U6: 0.76472222
A7: LOSARI | B7: 0.2856 | C7: 0.7144 | D7: 0.7144 | E7: 0.1155 | F7: 0.7059 | G7: 0.9583 | H7: 0.8708 | I7: 0.7895 | J7: 0.7773 | K7: 0.3404 | L7: 0.2273 | M7: =SQRT((B7-$S$2)^2+(C7-$S$3)^2+(D7-$S$4)^2+(E7-$S$5)^2+(F7-$S$6)^2+(G7-$S$7)^2+(H7-$S$8)^2+(I7-$S$9)^2+(J7-$S$10)^2+(K7-$S$11)^2+(L7-$S$12)^2) -> 2.1583625 | N7: =SQRT((B7-$T$2)^2+(C7-$T$3)^2+(D7-$T$4)^2+(E7-$T$5)^2+(F7-$T$6)^2+(G7-$T$7)^2+(H7-$T$8)^2+(I7-$T$9)^2+(J7-$T$10)^2+(K7-$T$11)^2+(L7-$T$12)^2) -> 0.56314866 | O7: =SQRT((B7-$U$2)^2+(C7-$U$3)^2+(D7-$U$4)^2+(E7-$U$5)^2+(F7-$U$6)^2+(G7-$U$7)^2+(H7-$U$8)^2+(I7-$U$9)^2+(J7-$U$10)^2+(K7-$U$11)^2+(L7-$U$12)^2) -> 0.34548716 | P7: =IF(M7=MIN(M7:O7),$R$14,IF(N7=MIN(M7:O7),$R$15,$R$16)) -> C3 | R7: Tempat Ibadah | S7: 0 | T7: 0.66388667 | U7: 0.91666667
A8: PABEDILAN | B8: 0.4153 | C8: 0.5847 | D8: 0.5847 | E8: 0.5363 | F8: 0.7059 | G8: 0.8333 | H8: 0.7895 | I8: 0.8421 | J8: 0.9412 | K8: 0.2766 | L8: 0.2045 | M8: =SQRT((B8-$S$2)^2+(C8-$S$3)^2+(D8-$S$4)^2+(E8-$S$5)^2+(F8-$S$6)^2+(G8-$S$7)^2+(H8-$S$8)^2+(I8-$S$9)^2+(J8-$S$10)^2+(K8-$S$11)^2+(L8-$S$12)^2) -> 1.9024503 | N8: =SQRT((B8-$T$2)^2+(C8-$T$3)^2+(D8-$T$4)^2+(E8-$T$5)^2+(F8-$T$6)^2+(G8-$T$7)^2+(H8-$T$8)^2+(I8-$T$9)^2+(J8-$T$10)^2+(K8-$T$11)^2+(L8-$T$12)^2) -> 0.50450481 | O8: =SQRT((B8-$U$2)^2+(C8-$U$3)^2+(D8-$U$4)^2+(E8-$U$5)^2+(F8-$U$6)^2+(G8-$U$7)^2+(H8-$U$8)^2+(I8-$U$9)^2+(J8-$U$10)^2+(K8-$U$11)^2+(L8-$U$12)^2) -> 0.73209366 | P8: =IF(M8=MIN(M8:O8),$R$14,IF(N8=MIN(M8:O8),$R$15,$R$16)) -> C2 | R8: Toilet | S8: 0 | T8: 0.70223 | U8: 0.92557778
A9: BABAKAN | B9: 0.7557 | C9: 0.2443 | D9: 0.2443 | E9: 0.2775 | F9: 0.4706 | G9: 0.7917 | H9: 0.6411 | I9: 0.5789 | J9: 0.8319 | K9: 0.4468 | L9: 0.0227 | M9: =SQRT((B9-$S$2)^2+(C9-$S$3)^2+(D9-$S$4)^2+(E9-$S$5)^2+(F9-$S$6)^2+(G9-$S$7)^2+(H9-$S$8)^2+(I9-$S$9)^2+(J9-$S$10)^2+(K9-$S$11)^2+(L9-$S$12)^2) -> 1.4576099 | N9: =SQRT((B9-$T$2)^2+(C9-$T$3)^2+(D9-$T$4)^2+(E9-$T$5)^2+(F9-$T$6)^2+(G9-$T$7)^2+(H9-$T$8)^2+(I9-$T$9)^2+(J9-$T$10)^2+(K9-$T$11)^2+(L9-$T$12)^2) -> 0.64140152 | O9: =SQRT((B9-$U$2)^2+(C9-$U$3)^2+(D9-$U$4)^2+(E9-$U$5)^2+(F9-$U$6)^2+(G9-$U$7)^2+(H9-$U$8)^2+(I9-$U$9)^2+(J9-$U$10)^2+(K9-$U$11)^2+(L9-$U$12)^2) -> 1.2225295 | P9: =IF(M9=MIN(M9:O9),$R$14,IF(N9=MIN(M9:O9),$R$15,$R$16)) -> C2 | R9: UKS | S9: 0 | T9: 0.72981 | U9: 0.88888889
A10: KARANGSEMBUNG | B10: 0.1773 | C10: 0.8227 | D10: 0.8227 | E10: 0.1155 | F10: 0.6471 | G10: 0.9167 | H10: 0.823 | I10: 0.8947 | J10: 0.7731 | K10: 0.4681 | L10: 0.0909 | M10: =SQRT((B10-$S$2)^2+(C10-$S$3)^2+(D10-$S$4)^2+(E10-$S$5)^2+(F10-$S$6)^2+(G10-$S$7)^2+(H10-$S$8)^2+(I10-$S$9)^2+(J10-$S$10)^2+(K10-$S$11)^2+(L10-$S$12)^2) -> 2.2852426 | N10: =SQRT((B10-$T$2)^2+(C10-$T$3)^2+(D10-$T$4)^2+(E10-$T$5)^2+(F10-$T$6)^2+(G10-$T$7)^2+(H10-$T$8)^2+(I10-$T$9)^2+(J10-$T$10)^2+(K10-$T$11)^2+(L10-$T$12)^2) -> 0.69028022 | O10: =SQRT((B10-$U$2)^2+(C10-$U$3)^2+(D10-$U$4)^2+(E10-$U$5)^2+(F10-$U$6)^2+(G10-$U$7)^2+(H10-$U$8)^2+(I10-$U$9)^2+(J10-$U$10)^2+(K10-$U$11)^2+(L10-$U$12)^2) -> 0.42249901 | P10: =IF(M10=MIN(M10:O10),$R$14,IF(N10=MIN(M10:O10),$R$15,$R$16)) -> C3 | R10: Baik | S10: 0.9748 | T10: 0.74972667 | U10: 0.71288889
A11: LEMAHABANG | B11: 0.519 | C11: 0.481 | D11: 0.481 | E11: 0.2123 | F11: 0.3529 | G11: 0.625 | H11: 0.622 | I11: 0.7368 | J11: 0.4748 | K11: 0.5106 | L11: 0.25 | M11: =SQRT((B11-$S$2)^2+(C11-$S$3)^2+(D11-$S$4)^2+(E11-$S$5)^2+(F11-$S$6)^2+(G11-$S$7)^2+(H11-$S$8)^2+(I11-$S$9)^2+(J11-$S$10)^2+(K11-$S$11)^2+(L11-$S$12)^2) -> 1.6283908 | N11: =SQRT((B11-$T$2)^2+(C11-$T$3)^2+(D11-$T$4)^2+(E11-$T$5)^2+(F11-$T$6)^2+(G11-$T$7)^2+(H11-$T$8)^2+(I11-$T$9)^2+(J11-$T$10)^2+(K11-$T$11)^2+(L11-$T$12)^2) -> 0.35892816 | O11: =SQRT((B11-$U$2)^2+(C11-$U$3)^2+(D11-$U$4)^2+(E11-$U$5)^2+(F11-$U$6)^2+(G11-$U$7)^2+(H11-$U$8)^2+(I11-$U$9)^2+(J11-$U$10)^2+(K11-$U$11)^2+(L11-$U$12)^2) -> 0.9081045 | P11: =IF(M11=MIN(M11:O11),$R$14,IF(N11=MIN(M11:O11),$R$15,$R$16)) -> C2 | R11: Rusak Ringan | S11: 0.234 | T11: 0.38581 | U11: 0.42788889
A12: SUSUKANLEBAK | B12: 0.1618 | C12: 0.8382 | D12: 0.8382 | E12: 0.0838 | F12: 0.7059 | G12: 1 | H12: 0.933 | I12: 0.7895 | J12: 0.5798 | K12: 0.234 | L12: 0.1364 | M12: =SQRT((B12-$S$2)^2+(C12-$S$3)^2+(D12-$S$4)^2+(E12-$S$5)^2+(F12-$S$6)^2+(G12-$S$7)^2+(H12-$S$8)^2+(I12-$S$9)^2+(J12-$S$10)^2+(K12-$S$11)^2+(L12-$S$12)^2) -> 2.3697078 | N12: =SQRT((B12-$T$2)^2+(C12-$T$3)^2+(D12-$T$4)^2+(E12-$T$5)^2+(F12-$T$6)^2+(G12-$T$7)^2+(H12-$T$8)^2+(I12-$T$9)^2+(J12-$T$10)^2+(K12-$T$11)^2+(L12-$T$12)^2) -> 0.7943027 | O12: =SQRT((B12-$U$2)^2+(C12-$U$3)^2+(D12-$U$4)^2+(E12-$U$5)^2+(F12-$U$6)^2+(G12-$U$7)^2+(H12-$U$8)^2+(I12-$U$9)^2+(J12-$U$10)^2+(K12-$U$11)^2+(L12-$U$12)^2) -> 0.43882613 | P12: =IF(M12=MIN(M12:O12),$R$14,IF(N12=MIN(M12:O12),$R$15,$R$16)) -> C3 | R12: Rusak Berat | S12: 0.4545 | T12: 0.33030333 | U12: 0.47475556
A13: SEDONG | B13: 0.2944 | C13: 0.7056 | D13: 0.7056 | E13: 0.1415 | F13: 0.4706 | G13: 0.6667 | H13: 0.7129 | I13: 0.6842 | J13: 0.7731 | K13: 0.3404 | L13: 0 | M13: =SQRT((B13-$S$2)^2+(C13-$S$3)^2+(D13-$S$4)^2+(E13-$S$5)^2+(F13-$S$6)^2+(G13-$S$7)^2+(H13-$S$8)^2+(I13-$S$9)^2+(J13-$S$10)^2+(K13-$S$11)^2+(L13-$S$12)^2) -> 1.8967414 | N13: =SQRT((B13-$T$2)^2+(C13-$T$3)^2+(D13-$T$4)^2+(E13-$T$5)^2+(F13-$T$6)^2+(G13-$T$7)^2+(H13-$T$8)^2+(I13-$T$9)^2+(J13-$T$10)^2+(K13-$T$11)^2+(L13-$T$12)^2) -> 0.463584 | O13: =SQRT((B13-$U$2)^2+(C13-$U$3)^2+(D13-$U$4)^2+(E13-$U$5)^2+(F13-$U$6)^2+(G13-$U$7)^2+(H13-$U$8)^2+(I13-$U$9)^2+(J13-$U$10)^2+(K13-$U$11)^2+(L13-$U$12)^2) -> 0.71319238 | P13: =IF(M13=MIN(M13:O13),$R$14,IF(N13=MIN(M13:O13),$R$15,$R$16)) -> C2
A14: ASTANAJAPURA | B14: 0.4155 | C14: 0.5845 | D14: 0.5845 | E14: 0.1937 | F14: 0.1765 | G14: 0.8333 | H14: 0.7656 | I14: 0.8421 | J14: 0.9328 | K14: 0 | L14: 0.0682 | M14: =SQRT((B14-$S$2)^2+(C14-$S$3)^2+(D14-$S$4)^2+(E14-$S$5)^2+(F14-$S$6)^2+(G14-$S$7)^2+(H14-$S$8)^2+(I14-$S$9)^2+(J14-$S$10)^2+(K14-$S$11)^2+(L14-$S$12)^2) -> 1.8466964 | N14: =SQRT((B14-$T$2)^2+(C14-$T$3)^2+(D14-$T$4)^2+(E14-$T$5)^2+(F14-$T$6)^2+(G14-$T$7)^2+(H14-$T$8)^2+(I14-$T$9)^2+(J14-$T$10)^2+(K14-$T$11)^2+(L14-$T$12)^2) -> 0.61752644 | O14: =SQRT((B14-$U$2)^2+(C14-$U$3)^2+(D14-$U$4)^2+(E14-$U$5)^2+(F14-$U$6)^2+(G14-$U$7)^2+(H14-$U$8)^2+(I14-$U$9)^2+(J14-$U$10)^2+(K14-$U$11)^2+(L14-$U$12)^2) -> 0.97041962 | P14: =IF(M14=MIN(M14:O14),$R$14,IF(N14=MIN(M14:O14),$R$15,$R$16)) -> C2 | R14: C1
A15: PANGENAN | B15: 0.1612 | C15: 0.8388 | D15: 0.8388 | E15: 0.0484 | F15: 0.8235 | G15: 0.9583 | H15: 0.9809 | I15: 0.8947 | J15: 0.7773 | K15: 0.234 | L15: 0.9318 | M15: =SQRT((B15-$S$2)^2+(C15-$S$3)^2+(D15-$S$4)^2+(E15-$S$5)^2+(F15-$S$6)^2+(G15-$S$7)^2+(H15-$S$8)^2+(I15-$S$9)^2+(J15-$S$10)^2+(K15-$S$11)^2+(L15-$S$12)^2) -> 2.4561027 | N15: =SQRT((B15-$T$2)^2+(C15-$T$3)^2+(D15-$T$4)^2+(E15-$T$5)^2+(F15-$T$6)^2+(G15-$T$7)^2+(H15-$T$8)^2+(I15-$T$9)^2+(J15-$T$10)^2+(K15-$T$11)^2+(L15-$T$12)^2) -> 1.0197596 | O15: =SQRT((B15-$U$2)^2+(C15-$U$3)^2+(D15-$U$4)^2+(E15-$U$5)^2+(F15-$U$6)^2+(G15-$U$7)^2+(H15-$U$8)^2+(I15-$U$9)^2+(J15-$U$10)^2+(K15-$U$11)^2+(L15-$U$12)^2) -> 0.51253914 | P15: =IF(M15=MIN(M15:O15),$R$14,IF(N15=MIN(M15:O15),$R$15,$R$16)) -> C3 | R15: C2
A16: MUNDU | B16: 0.5885 | C16: 0.4115 | D16: 0.4115 | E16: 0.2197 | F16: 0.4118 | G16: 0.625 | H16: 0.7943 | I16: 0.8947 | J16: 0.9118 | K16: 0.2979 | L16: 0.5682 | M16: =SQRT((B16-$S$2)^2+(C16-$S$3)^2+(D16-$S$4)^2+(E16-$S$5)^2+(F16-$S$6)^2+(G16-$S$7)^2+(H16-$S$8)^2+(I16-$S$9)^2+(J16-$S$10)^2+(K16-$S$11)^2+(L16-$S$12)^2) -> 1.6307476 | N16: =SQRT((B16-$T$2)^2+(C16-$T$3)^2+(D16-$T$4)^2+(E16-$T$5)^2+(F16-$T$6)^2+(G16-$T$7)^2+(H16-$T$8)^2+(I16-$T$9)^2+(J16-$T$10)^2+(K16-$T$11)^2+(L16-$T$12)^2) -> 0.42650738 | O16: =SQRT((B16-$U$2)^2+(C16-$U$3)^2+(D16-$U$4)^2+(E16-$U$5)^2+(F16-$U$6)^2+(G16-$U$7)^2+(H16-$U$8)^2+(I16-$U$9)^2+(J16-$U$10)^2+(K16-$U$11)^2+(L16-$U$12)^2) -> 0.88670662 | P16: =IF(M16=MIN(M16:O16),$R$14,IF(N16=MIN(M16:O16),$R$15,$R$16)) -> C2 | R16: C3
A17: BEBER | B17: 0.3626 | C17: 0.6374 | D17: 0.6374 | E17: 0.1248 | F17: 0.5294 | G17: 0.4167 | H17: 0.6842 | I17: 0.6842 | J17: 0.8529 | K17: 0.1277 | L17: 0.4773 | M17: =SQRT((B17-$S$2)^2+(C17-$S$3)^2+(D17-$S$4)^2+(E17-$S$5)^2+(F17-$S$6)^2+(G17-$S$7)^2+(H17-$S$8)^2+(I17-$S$9)^2+(J17-$S$10)^2+(K17-$S$11)^2+(L17-$S$12)^2) -> 1.6894202 | N17: =SQRT((B17-$T$2)^2+(C17-$T$3)^2+(D17-$T$4)^2+(E17-$T$5)^2+(F17-$T$6)^2+(G17-$T$7)^2+(H17-$T$8)^2+(I17-$T$9)^2+(J17-$T$10)^2+(K17-$T$11)^2+(L17-$T$12)^2) -> 0.47004534 | O17: =SQRT((B17-$U$2)^2+(C17-$U$3)^2+(D17-$U$4)^2+(E17-$U$5)^2+(F17-$U$6)^2+(G17-$U$7)^2+(H17-$U$8)^2+(I17-$U$9)^2+(J17-$U$10)^2+(K17-$U$11)^2+(L17-$U$12)^2) -> 0.77843702 | P17: =IF(M17=MIN(M17:O17),$R$14,IF(N17=MIN(M17:O17),$R$15,$R$16)) -> C2
A18: TALUN | B18: 0.4563 | C18: 0.5437 | D18: 0.5437 | E18: 0.2626 | F18: 0.2353 | G18: 0.4583 | H18: 0.5885 | I18: 0.5789 | J18: 0.7269 | K18: 0.383 | L18: 0.4318 | M18: =SQRT((B18-$S$2)^2+(C18-$S$3)^2+(D18-$S$4)^2+(E18-$S$5)^2+(F18-$S$6)^2+(G18-$S$7)^2+(H18-$S$8)^2+(I18-$S$9)^2+(J18-$S$10)^2+(K18-$S$11)^2+(L18-$S$12)^2) -> 1.4235513 | N18: =SQRT((B18-$T$2)^2+(C18-$T$3)^2+(D18-$T$4)^2+(E18-$T$5)^2+(F18-$T$6)^2+(G18-$T$7)^2+(H18-$T$8)^2+(I18-$T$9)^2+(J18-$T$10)^2+(K18-$T$11)^2+(L18-$T$12)^2) -> 0.36477943 | O18: =SQRT((B18-$U$2)^2+(C18-$U$3)^2+(D18-$U$4)^2+(E18-$U$5)^2+(F18-$U$6)^2+(G18-$U$7)^2+(H18-$U$8)^2+(I18-$U$9)^2+(J18-$U$10)^2+(K18-$U$11)^2+(L18-$U$12)^2) -> 0.97387702 | P18: =IF(M18=MIN(M18:O18),$R$14,IF(N18=MIN(M18:O18),$R$15,$R$16)) -> C2
A19: SUMBER | B19: 1 | C19: 0 | D19: 0 | E19: 0.5922 | F19: 0 | G19: 0 | H19: 0 | I19: 0 | J19: 0.9748 | K19: 0.234 | L19: 0.4545 | M19: =SQRT((B19-$S$2)^2+(C19-$S$3)^2+(D19-$S$4)^2+(E19-$S$5)^2+(F19-$S$6)^2+(G19-$S$7)^2+(H19-$S$8)^2+(I19-$S$9)^2+(J19-$S$10)^2+(K19-$S$11)^2+(L19-$S$12)^2) -> 0 | N19: =SQRT((B19-$T$2)^2+(C19-$T$3)^2+(D19-$T$4)^2+(E19-$T$5)^2+(F19-$T$6)^2+(G19-$T$7)^2+(H19-$T$8)^2+(I19-$T$9)^2+(J19-$T$10)^2+(K19-$T$11)^2+(L19-$T$12)^2) -> 1.6519091 | O19: =SQRT((B19-$U$2)^2+(C19-$U$3)^2+(D19-$U$4)^2+(E19-$U$5)^2+(F19-$U$6)^2+(G19-$U$7)^2+(H19-$U$8)^2+(I19-$U$9)^2+(J19-$U$10)^2+(K19-$U$11)^2+(L19-$U$12)^2) -> 2.3246324 | P19: =IF(M19=MIN(M19:O19),$R$14,IF(N19=MIN(M19:O19),$R$15,$R$16)) -> C1
A20: DUKUPUNTANG | B20: 0.3235 | C20: 0.6765 | D20: 0.6765 | E20: 1 | F20: 0.2941 | G20: 0.3333 | H20: 0.6077 | I20: 0.8421 | J20: 0.8235 | K20: 0.2979 | L20: 0.5227 | M20: =SQRT((B20-$S$2)^2+(C20-$S$3)^2+(D20-$S$4)^2+(E20-$S$5)^2+(F20-$S$6)^2+(G20-$S$7)^2+(H20-$S$8)^2+(I20-$S$9)^2+(J20-$S$10)^2+(K20-$S$11)^2+(L20-$S$12)^2) -> 1.6872757 | N20: =SQRT((B20-$T$2)^2+(C20-$T$3)^2+(D20-$T$4)^2+(E20-$T$5)^2+(F20-$T$6)^2+(G20-$T$7)^2+(H20-$T$8)^2+(I20-$T$9)^2+(J20-$T$10)^2+(K20-$T$11)^2+(L20-$T$12)^2) -> 0.88445169 | O20: =SQRT((B20-$U$2)^2+(C20-$U$3)^2+(D20-$U$4)^2+(E20-$U$5)^2+(F20-$U$6)^2+(G20-$U$7)^2+(H20-$U$8)^2+(I20-$U$9)^2+(J20-$U$10)^2+(K20-$U$11)^2+(L20-$U$12)^2) -> 1.2607483 | P20: =IF(M20=MIN(M20:O20),$R$14,IF(N20=MIN(M20:O20),$R$15,$R$16)) -> C2
A21: PALIMANAN | B21: 0.601 | C21: 0.399 | D21: 0.399 | E21: 0.2831 | F21: 0.4118 | G21: 0.5833 | H21: 0.689 | I21: 0.7895 | J21: 0.9286 | K21: 0.4468 | L21: 0.4318 | M21: =SQRT((B21-$S$2)^2+(C21-$S$3)^2+(D21-$S$4)^2+(E21-$S$5)^2+(F21-$S$6)^2+(G21-$S$7)^2+(H21-$S$8)^2+(I21-$S$9)^2+(J21-$S$10)^2+(K21-$S$11)^2+(L21-$S$12)^2) -> 1.4929597 | N21: =SQRT((B21-$T$2)^2+(C21-$T$3)^2+(D21-$T$4)^2+(E21-$T$5)^2+(F21-$T$6)^2+(G21-$T$7)^2+(H21-$T$8)^2+(I21-$T$9)^2+(J21-$T$10)^2+(K21-$T$11)^2+(L21-$T$12)^2) -> 0.34245154 | O21: =SQRT((B21-$U$2)^2+(C21-$U$3)^2+(D21-$U$4)^2+(E21-$U$5)^2+(F21-$U$6)^2+(G21-$U$7)^2+(H21-$U$8)^2+(I21-$U$9)^2+(J21-$U$10)^2+(K21-$U$11)^2+(L21-$U$12)^2) -> 0.94659501 | P21: =IF(M21=MIN(M21:O21),$R$14,IF(N21=MIN(M21:O21),$R$15,$R$16)) -> C2
A22: PLUMBON | B22: 0.7231 | C22: 0.2769 | D22: 0.2769 | E22: 0.3743 | F22: 0 | G22: 0.4583 | H22: 0.4545 | I22: 0.2632 | J22: 0.895 | K22: 0.0851 | L22: 0.6136 | M22: =SQRT((B22-$S$2)^2+(C22-$S$3)^2+(D22-$S$4)^2+(E22-$S$5)^2+(F22-$S$6)^2+(G22-$S$7)^2+(H22-$S$8)^2+(I22-$S$9)^2+(J22-$S$10)^2+(K22-$S$11)^2+(L22-$S$12)^2) -> 0.90401144 | N22: =SQRT((B22-$T$2)^2+(C22-$T$3)^2+(D22-$T$4)^2+(E22-$T$5)^2+(F22-$T$6)^2+(G22-$T$7)^2+(H22-$T$8)^2+(I22-$T$9)^2+(J22-$T$10)^2+(K22-$T$11)^2+(L22-$T$12)^2) -> 0.96376314 | O22: =SQRT((B22-$U$2)^2+(C22-$U$3)^2+(D22-$U$4)^2+(E22-$U$5)^2+(F22-$U$6)^2+(G22-$U$7)^2+(H22-$U$8)^2+(I22-$U$9)^2+(J22-$U$10)^2+(K22-$U$11)^2+(L22-$U$12)^2) -> 1.5856597 | P22: =IF(M22=MIN(M22:O22),$R$14,IF(N22=MIN(M22:O22),$R$15,$R$16)) -> C1
A23: WERU | B23: 0.5935 | C23: 0.4065 | D23: 0.4065 | E23: 0.2272 | F23: 0.2941 | G23: 0.4583 | H23: 0.6507 | I23: 0.5263 | J23: 0.5504 | K23: 0.5957 | L23: 0.5455 | M23: =SQRT((B23-$S$2)^2+(C23-$S$3)^2+(D23-$S$4)^2+(E23-$S$5)^2+(F23-$S$6)^2+(G23-$S$7)^2+(H23-$S$8)^2+(I23-$S$9)^2+(J23-$S$10)^2+(K23-$S$11)^2+(L23-$S$12)^2) -> 1.3946723 | N23: =SQRT((B23-$T$2)^2+(C23-$T$3)^2+(D23-$T$4)^2+(E23-$T$5)^2+(F23-$T$6)^2+(G23-$T$7)^2+(H23-$T$8)^2+(I23-$T$9)^2+(J23-$T$10)^2+(K23-$T$11)^2+(L23-$T$12)^2) -> 0.54350749 | O23: =SQRT((B23-$U$2)^2+(C23-$U$3)^2+(D23-$U$4)^2+(E23-$U$5)^2+(F23-$U$6)^2+(G23-$U$7)^2+(H23-$U$8)^2+(I23-$U$9)^2+(J23-$U$10)^2+(K23-$U$11)^2+(L23-$U$12)^2) -> 1.098391 | P23: =IF(M23=MIN(M23:O23),$R$14,IF(N23=MIN(M23:O23),$R$15,$R$16)) -> C2
A24: KEDAWUNG | B24: 0.2152 | C24: 0.7848 | D24: 0.7848 | E24: 0.1806 | F24: 0.4706 | G24: 0.5417 | H24: 0.5359 | I24: 0.5263 | J24: 0 | K24: 0.4255 | L24: 0.4773 | M24: =SQRT((B24-$S$2)^2+(C24-$S$3)^2+(D24-$S$4)^2+(E24-$S$5)^2+(F24-$S$6)^2+(G24-$S$7)^2+(H24-$S$8)^2+(I24-$S$9)^2+(J24-$S$10)^2+(K24-$S$11)^2+(L24-$S$12)^2) -> 2.0208064 | N24: =SQRT((B24-$T$2)^2+(C24-$T$3)^2+(D24-$T$4)^2+(E24-$T$5)^2+(F24-$T$6)^2+(G24-$T$7)^2+(H24-$T$8)^2+(I24-$T$9)^2+(J24-$T$10)^2+(K24-$T$11)^2+(L24-$T$12)^2) -> 0.9266059 | O24: =SQRT((B24-$U$2)^2+(C24-$U$3)^2+(D24-$U$4)^2+(E24-$U$5)^2+(F24-$U$6)^2+(G24-$U$7)^2+(H24-$U$8)^2+(I24-$U$9)^2+(J24-$U$10)^2+(K24-$U$11)^2+(L24-$U$12)^2) -> 1.0148487 | P24: =IF(M24=MIN(M24:O24),$R$14,IF(N24=MIN(M24:O24),$R$15,$R$16)) -> C2
A25: GUNUNGJATI | B25: 0.4817 | C25: 0.5183 | D25: 0.5183 | E25: 0.2961 | F25: 0.3529 | G25: 0.375 | H25: 0.5789 | I25: 0.6842 | J25: 0.8319 | K25: 1 | L25: 0.5455 | M25: =SQRT((B25-$S$2)^2+(C25-$S$3)^2+(D25-$S$4)^2+(E25-$S$5)^2+(F25-$S$6)^2+(G25-$S$7)^2+(H25-$S$8)^2+(I25-$S$9)^2+(J25-$S$10)^2+(K25-$S$11)^2+(L25-$S$12)^2) -> 1.6054456 | N25: =SQRT((B25-$T$2)^2+(C25-$T$3)^2+(D25-$T$4)^2+(E25-$T$5)^2+(F25-$T$6)^2+(G25-$T$7)^2+(H25-$T$8)^2+(I25-$T$9)^2+(J25-$T$10)^2+(K25-$T$11)^2+(L25-$T$12)^2) -> 0.73576733 | O25: =SQRT((B25-$U$2)^2+(C25-$U$3)^2+(D25-$U$4)^2+(E25-$U$5)^2+(F25-$U$6)^2+(G25-$U$7)^2+(H25-$U$8)^2+(I25-$U$9)^2+(J25-$U$10)^2+(K25-$U$11)^2+(L25-$U$12)^2) -> 1.1275757 | P25: =IF(M25=MIN(M25:O25),$R$14,IF(N25=MIN(M25:O25),$R$15,$R$16)) -> C2
A26: KAPETAKAN | B26: 0.5291 | C26: 0.4709 | D26: 0.4709 | E26: 0.2197 | F26: 0.4706 | G26: 0.8333 | H26: 0.9282 | I26: 0.8947 | J26: 0.6513 | K26: 0.7872 | L26: 0.5909 | M26: =SQRT((B26-$S$2)^2+(C26-$S$3)^2+(D26-$S$4)^2+(E26-$S$5)^2+(F26-$S$6)^2+(G26-$S$7)^2+(H26-$S$8)^2+(I26-$S$9)^2+(J26-$S$10)^2+(K26-$S$11)^2+(L26-$S$12)^2) -> 1.9522246 | N26: =SQRT((B26-$T$2)^2+(C26-$T$3)^2+(D26-$T$4)^2+(E26-$T$5)^2+(F26-$T$6)^2+(G26-$T$7)^2+(H26-$T$8)^2+(I26-$T$9)^2+(J26-$T$10)^2+(K26-$T$11)^2+(L26-$T$12)^2) -> 0.60335268 | O26: =SQRT((B26-$U$2)^2+(C26-$U$3)^2+(D26-$U$4)^2+(E26-$U$5)^2+(F26-$U$6)^2+(G26-$U$7)^2+(H26-$U$8)^2+(I26-$U$9)^2+(J26-$U$10)^2+(K26-$U$11)^2+(L26-$U$12)^2) -> 0.77635244 | P26: =IF(M26=MIN(M26:O26),$R$14,IF(N26=MIN(M26:O26),$R$15,$R$16)) -> C2
A27: KLANGENAN | B27: 0.4734 | C27: 0.5266 | D27: 0.5266 | E27: 0.1955 | F27: 0.4706 | G27: 0.7917 | H27: 0.7943 | I27: 0.6842 | J27: 0.4454 | K27: 0.8085 | L27: 0.1818 | M27: =SQRT((B27-$S$2)^2+(C27-$S$3)^2+(D27-$S$4)^2+(E27-$S$5)^2+(F27-$S$6)^2+(G27-$S$7)^2+(H27-$S$8)^2+(I27-$S$9)^2+(J27-$S$10)^2+(K27-$S$11)^2+(L27-$S$12)^2) -> 1.9029632 | N27: =SQRT((B27-$T$2)^2+(C27-$T$3)^2+(D27-$T$4)^2+(E27-$T$5)^2+(F27-$T$6)^2+(G27-$T$7)^2+(H27-$T$8)^2+(I27-$T$9)^2+(J27-$T$10)^2+(K27-$T$11)^2+(L27-$T$12)^2) -> 0.57278083 | O27: =SQRT((B27-$U$2)^2+(C27-$U$3)^2+(D27-$U$4)^2+(E27-$U$5)^2+(F27-$U$6)^2+(G27-$U$7)^2+(H27-$U$8)^2+(I27-$U$9)^2+(J27-$U$10)^2+(K27-$U$11)^2+(L27-$U$12)^2) -> 0.84641432 | P27: =IF(M27=MIN(M27:O27),$R$14,IF(N27=MIN(M27:O27),$R$15,$R$16)) -> C2
A28: ARJAWINANGUN | B28: 0.7304 | C28: 0.2696 | D28: 0.2696 | E28: 0.352 | F28: 0 | G28: 0.6667 | H28: 0.5263 | I28: 0.4211 | J28: 0.6513 | K28: 0.383 | L28: 0.3409 | M28: =SQRT((B28-$S$2)^2+(C28-$S$3)^2+(D28-$S$4)^2+(E28-$S$5)^2+(F28-$S$6)^2+(G28-$S$7)^2+(H28-$S$8)^2+(I28-$S$9)^2+(J28-$S$10)^2+(K28-$S$11)^2+(L28-$S$12)^2) -> 1.1464347 | N28: =SQRT((B28-$T$2)^2+(C28-$T$3)^2+(D28-$T$4)^2+(E28-$T$5)^2+(F28-$T$6)^2+(G28-$T$7)^2+(H28-$T$8)^2+(I28-$T$9)^2+(J28-$T$10)^2+(K28-$T$11)^2+(L28-$T$12)^2) -> 0.74807232 | O28: =SQRT((B28-$U$2)^2+(C28-$U$3)^2+(D28-$U$4)^2+(E28-$U$5)^2+(F28-$U$6)^2+(G28-$U$7)^2+(H28-$U$8)^2+(I28-$U$9)^2+(J28-$U$10)^2+(K28-$U$11)^2+(L28-$U$12)^2) -> 1.4129242 | P28: =IF(M28=MIN(M28:O28),$R$14,IF(N28=MIN(M28:O28),$R$15,$R$16)) -> C2
... A44: JAMBLANG | B44: 0.1843 | C44: 0.8157 | D44: 0.8157 | E44: 0.1322 | F44: 0.3529 | G44: 0.7917 | H44: 0.6986 | I44: 0.7368 | J44: 0.9328 | K44: 0.3404 | L44: 0.2273 | M44: =SQRT((B44-$S$2)^2+(C44-$S$3)^2+(D44-$S$4)^2+(E44-$S$5)^2+(F44-$S$6)^2+(G44-$S$7)^2+(H44-$S$8)^2+(I44-$S$9)^2+(J44-$S$10)^2+(K44-$S$11)^2+(L44-$S$12)^2) -> 2.0136156 | N44: =SQRT((B44-$T$2)^2+(C44-$T$3)^2+(D44-$T$4)^2+(E44-$T$5)^2+(F44-$T$6)^2+(G44-$T$7)^2+(H44-$T$8)^2+(I44-$T$9)^2+(J44-$T$10)^2+(K44-$T$11)^2+(L44-$T$12)^2) -> 0.56535092 | O44: =SQRT((B44-$U$2)^2+(C44-$U$3)^2+(D44-$U$4)^2+(E44-$U$5)^2+(F44-$U$6)^2+(G44-$U$7)^2+(H44-$U$8)^2+(I44-$U$9)^2+(J44-$U$10)^2+(K44-$U$11)^2+(L44-$U$12)^2) -> 0.61610506 | P44: =IF(M44=MIN(M44:O44),$R$14,IF(N44=MIN(M44:O44),$R$15,$R$16)) -> C2
A47: RINGKASAN ITERASI
A48: Jumlah anggota C1 | B48: =COUNTIF(P5:P44,"C1") -> 2
A49: Jumlah anggota C2 | B49: =COUNTIF(P5:P44,"C2") -> 25
A50: Jumlah anggota C3 | B50: =COUNTIF(P5:P44,"C3") -> 13

Sheet Centroid Iterasi 2
A1: CENTROID HASIL ITERASI 2 (NILAI PENUH)
A2: Centroid disimpan dengan nilai penuh dan tidak dibulatkan sebelum perhitungan jarak.
A4: Variabel | B4: C1 Iterasi 2 | C4: C2 Iterasi 2 | D4: C3 Iterasi 2
A5: Jumlah Siswa | B5: =AVERAGEIF('Anggota Iterasi 2'!$M$2:$M$41,"C1",'Anggota Iterasi 2'!$B$2:$B$41) -> 0.86155 | C5: =AVERAGEIF('Anggota Iterasi 2'!$M$2:$M$41,"C2",'Anggota Iterasi 2'!$B$2:$B$41) -> 0.483352 | D5: =AVERAGEIF('Anggota Iterasi 2'!$M$2:$M$41,"C3",'Anggota Iterasi 2'!$B$2:$B$41) -> 0.20751538
A6: Total BOS | B6: =AVERAGEIF('Anggota Iterasi 2'!$M$2:$M$41,"C1",'Anggota Iterasi 2'!$C$2:$C$41) -> 0.13845 | C6: =AVERAGEIF('Anggota Iterasi 2'!$M$2:$M$41,"C2",'Anggota Iterasi 2'!$C$2:$C$41) -> 0.516648 | D6: =AVERAGEIF('Anggota Iterasi 2'!$M$2:$M$41,"C3",'Anggota Iterasi 2'!$C$2:$C$41) -> 0.79248462
A7: Dana Sarpas | B7: =AVERAGEIF('Anggota Iterasi 2'!$M$2:$M$41,"C1",'Anggota Iterasi 2'!$D$2:$D$41) -> 0.13845 | C7: =AVERAGEIF('Anggota Iterasi 2'!$M$2:$M$41,"C2",'Anggota Iterasi 2'!$D$2:$D$41) -> 0.516648 | D7: =AVERAGEIF('Anggota Iterasi 2'!$M$2:$M$41,"C3",'Anggota Iterasi 2'!$D$2:$D$41) -> 0.79248462
A8: Rombel | B8: =AVERAGEIF('Anggota Iterasi 2'!$M$2:$M$41,"C1",'Anggota Iterasi 2'!$E$2:$E$41) -> 0.48325 | C8: =AVERAGEIF('Anggota Iterasi 2'!$M$2:$M$41,"C2",'Anggota Iterasi 2'!$E$2:$E$41) -> 0.30086 | D8: =AVERAGEIF('Anggota Iterasi 2'!$M$2:$M$41,"C3",'Anggota Iterasi 2'!$E$2:$E$41) -> 0.089676923
A9: Perpustakaan | B9: =AVERAGEIF('Anggota Iterasi 2'!$M$2:$M$41,"C1",'Anggota Iterasi 2'!$F$2:$F$41) -> 0 | C9: =AVERAGEIF('Anggota Iterasi 2'!$M$2:$M$41,"C2",'Anggota Iterasi 2'!$F$2:$F$41) -> 0.41412 | D9: =AVERAGEIF('Anggota Iterasi 2'!$M$2:$M$41,"C3",'Anggota Iterasi 2'!$F$2:$F$41) -> 0.7602
A10: Tempat Ibadah | B10: =AVERAGEIF('Anggota Iterasi 2'!$M$2:$M$41,"C1",'Anggota Iterasi 2'!$G$2:$G$41) -> 0.22915 | C10: =AVERAGEIF('Anggota Iterasi 2'!$M$2:$M$41,"C2",'Anggota Iterasi 2'!$G$2:$G$41) -> 0.64 | D10: =AVERAGEIF('Anggota Iterasi 2'!$M$2:$M$41,"C3",'Anggota Iterasi 2'!$G$2:$G$41) -> 0.90063846
A11: Toilet | B11: =AVERAGEIF('Anggota Iterasi 2'!$M$2:$M$41,"C1",'Anggota Iterasi 2'!$H$2:$H$41) -> 0.22725 | C11: =AVERAGEIF('Anggota Iterasi 2'!$M$2:$M$41,"C2",'Anggota Iterasi 2'!$H$2:$H$41) -> 0.688036 | D11: =AVERAGEIF('Anggota Iterasi 2'!$M$2:$M$41,"C3",'Anggota Iterasi 2'!$H$2:$H$41) -> 0.90320769
A12: UKS | B12: =AVERAGEIF('Anggota Iterasi 2'!$M$2:$M$41,"C1",'Anggota Iterasi 2'!$I$2:$I$41) -> 0.1316 | C12: =AVERAGEIF('Anggota Iterasi 2'!$M$2:$M$41,"C2",'Anggota Iterasi 2'!$I$2:$I$41) -> 0.736824 | D12: =AVERAGEIF('Anggota Iterasi 2'!$M$2:$M$41,"C3",'Anggota Iterasi 2'!$I$2:$I$41) -> 0.86234615
A13: Baik | B13: =AVERAGEIF('Anggota Iterasi 2'!$M$2:$M$41,"C1",'Anggota Iterasi 2'!$J$2:$J$41) -> 0.9349 | C13: =AVERAGEIF('Anggota Iterasi 2'!$M$2:$M$41,"C2",'Anggota Iterasi 2'!$J$2:$J$41) -> 0.7395 | D13: =AVERAGEIF('Anggota Iterasi 2'!$M$2:$M$41,"C3",'Anggota Iterasi 2'!$J$2:$J$41) -> 0.73271538
A14: Rusak Ringan | B14: =AVERAGEIF('Anggota Iterasi 2'!$M$2:$M$41,"C1",'Anggota Iterasi 2'!$K$2:$K$41) -> 0.15955 | C14: =AVERAGEIF('Anggota Iterasi 2'!$M$2:$M$41,"C2",'Anggota Iterasi 2'!$K$2:$K$41) -> 0.402548 | D14: =AVERAGEIF('Anggota Iterasi 2'!$M$2:$M$41,"C3",'Anggota Iterasi 2'!$K$2:$K$41) -> 0.40588462
A15: Rusak Berat | B15: =AVERAGEIF('Anggota Iterasi 2'!$M$2:$M$41,"C1",'Anggota Iterasi 2'!$L$2:$L$41) -> 0.53405 | C15: =AVERAGEIF('Anggota Iterasi 2'!$M$2:$M$41,"C2",'Anggota Iterasi 2'!$L$2:$L$41) -> 0.346368 | D15: =AVERAGEIF('Anggota Iterasi 2'!$M$2:$M$41,"C3",'Anggota Iterasi 2'!$L$2:$L$41) -> 0.37762308
A17: Jumlah anggota | B17: 2 | C17: 25 | D17: 13
A19: Tampilan laporan | B19: Gunakan format 0,0000; nilai internal tidak dibulatkan.

Sheet Jarak Iterasi 3
A1: PERHITUNGAN JARAK EUCLIDEAN ITERASI 3 | R1: Variabel | S1: C1 Iterasi 2 | T1: C2 Iterasi 2 | U1: C3 Iterasi 2 | W1: Audit (numerik exact)
A2: Menggunakan centroid Iterasi 2 dengan nilai penuh (tanpa pembulatan internal). | R2: Jumlah Siswa | S2: 0.86155 | T2: 0.483352 | U2: 0.20751538
R3: Total BOS | S3: 0.13845 | T3: 0.516648 | U3: 0.79248462
A4: Nama Kecamatan | B4: X1 | C4: X2 | D4: X3 | E4: X4 | F4: X5 | G4: X6 | H4: X7 | I4: X8 | J4: X9 | K4: X10 | L4: X11 | M4: Jarak C1 | N4: Jarak C2 | O4: Jarak C3 | P4: Cluster | R4: Dana Sarpas | S4: 0.13845 | T4: 0.516648 | U4: 0.79248462 | W4: Hasil Numerik Audit | X4: C2 Audit | Y4: C3 Audit | Z4: Cluster Audit
A5: WALED | B5: 0.4634 | C5: 0.5366 | D5: 0.5366 | E5: 0.1788 | F5: 0.7647 | G5: 0.9167 | H5: 0.8565 | I5: 0.8947 | J5: 0.895 | K5: 0.6383 | L5: 1 | M5: =SQRT((B5-0.8616)^2+(C5-0.1384)^2+(D5-0.1384)^2+(E5-0.4832)^2+(F5-0)^2+(G5-0.2291)^2+(H5-0.2273)^2+(I5-0.1316)^2+(J5-0.9349)^2+(K5-0.1595)^2+(L5-0.5341)^2) -> 1.7470053 | N5: =SQRT((B5-0.4834)^2+(C5-0.5166)^2+(D5-0.5166)^2+(E5-0.3009)^2+(F5-0.4141)^2+(G5-0.64)^2+(H5-0.688)^2+(I5-0.7368)^2+(J5-0.7395)^2+(K5-0.4025)^2+(L5-0.3464)^2) -> 0.88084685 | O5: =SQRT((B5-0.2075)^2+(C5-0.7925)^2+(D5-0.7925)^2+(E5-0.0897)^2+(F5-0.7602)^2+(G5-0.9006)^2+(H5-0.9032)^2+(I5-0.8623)^2+(J5-0.7327)^2+(K5-0.4059)^2+(L5-0.3776)^2) -> 0.8219709 | P5: =IF(M5=MIN(M5:O5),"C1",IF(N5=MIN(M5:O5),"C2","C3")) -> C3 | W5: 1.7469778 | X5: 0.88082979 | Y5: 0.82194074 | Z5: C3
A6: CILEDUG | B6: 0.3076 | C6: 0.6924 | D6: 0.6924 | E6: 0.1564 | F6: 0.7059 | G6: 0.7917 | H6: 0.7033 | I6: 0.8421 | J6: 1 | K6: 0.1064 | L6: 0.1364 | M6: =SQRT((B6-0.8616)^2+(C6-0.1384)^2+(D6-0.1384)^2+(E6-0.4832)^2+(F6-0)^2+(G6-0.2291)^2+(H6-0.2273)^2+(I6-0.1316)^2+(J6-0.9349)^2+(K6-0.1595)^2+(L6-0.5341)^2) -> 1.6549831 | N6: =SQRT((B6-0.4834)^2+(C6-0.5166)^2+(D6-0.5166)^2+(E6-0.3009)^2+(F6-0.4141)^2+(G6-0.64)^2+(H6-0.688)^2+(I6-0.7368)^2+(J6-0.7395)^2+(K6-0.4025)^2+(L6-0.3464)^2) -> 0.65781072 | O6: =SQRT((B6-0.2075)^2+(C6-0.7925)^2+(D6-0.7925)^2+(E6-0.0897)^2+(F6-0.7602)^2+(G6-0.9006)^2+(H6-0.9032)^2+(I6-0.8623)^2+(J6-0.7327)^2+(K6-0.4059)^2+(L6-0.3776)^2) -> 0.55588816 | P6: =IF(M6=MIN(M6:O6),"C1",IF(N6=MIN(M6:O6),"C2","C3")) -> C3 | R6: Rombel | S6: 0.48325 | T6: 0.30086 | U6: 0.089676923 | W6: 1.6549297 | X6: 0.6577613 | Y6: 0.55588893 | Z6: C3
A7: LOSARI | B7: 0.2856 | C7: 0.7144 | D7: 0.7144 | E7: 0.1155 | F7: 0.7059 | G7: 0.9583 | H7: 0.8708 | I7: 0.7895 | J7: 0.7773 | K7: 0.3404 | L7: 0.2273 | M7: =SQRT((B7-0.8616)^2+(C7-0.1384)^2+(D7-0.1384)^2+(E7-0.4832)^2+(F7-0)^2+(G7-0.2291)^2+(H7-0.2273)^2+(I7-0.1316)^2+(J7-0.9349)^2+(K7-0.1595)^2+(L7-0.5341)^2) -> 1.777406 | N7: =SQRT((B7-0.4834)^2+(C7-0.5166)^2+(D7-0.5166)^2+(E7-0.3009)^2+(F7-0.4141)^2+(G7-0.64)^2+(H7-0.688)^2+(I7-0.7368)^2+(J7-0.7395)^2+(K7-0.4025)^2+(L7-0.3464)^2) -> 0.62759302 | O7: =SQRT((B7-0.2075)^2+(C7-0.7925)^2+(D7-0.7925)^2+(E7-0.0897)^2+(F7-0.7602)^2+(G7-0.9006)^2+(H7-0.9032)^2+(I7-0.8623)^2+(J7-0.7327)^2+(K7-0.4059)^2+(L7-0.3776)^2) -> 0.2458889 | P7: =IF(M7=MIN(M7:O7),"C1",IF(N7=MIN(M7:O7),"C2","C3")) -> C3 | R7: Perpustakaan | S7: 0 | T7: 0.41412 | U7: 0.7602 | W7: 1.7773516 | X7: 0.6275127 | Y7: 0.24588954 | Z7: C3
A8: PABEDILAN | B8: 0.4153 | C8: 0.5847 | D8: 0.5847 | E8: 0.5363 | F8: 0.7059 | G8: 0.8333 | H8: 0.7895 | I8: 0.8421 | J8: 0.9412 | K8: 0.2766 | L8: 0.2045 | M8: =SQRT((B8-0.8616)^2+(C8-0.1384)^2+(D8-0.1384)^2+(E8-0.4832)^2+(F8-0)^2+(G8-0.2291)^2+(H8-0.2273)^2+(I8-0.1316)^2+(J8-0.9349)^2+(K8-0.1595)^2+(L8-0.5341)^2) -> 1.5514479 | N8: =SQRT((B8-0.4834)^2+(C8-0.5166)^2+(D8-0.5166)^2+(E8-0.3009)^2+(F8-0.4141)^2+(G8-0.64)^2+(H8-0.688)^2+(I8-0.7368)^2+(J8-0.7395)^2+(K8-0.4025)^2+(L8-0.3464)^2) -> 0.53842155 | O8: =SQRT((B8-0.2075)^2+(C8-0.7925)^2+(D8-0.7925)^2+(E8-0.0897)^2+(F8-0.7602)^2+(G8-0.9006)^2+(H8-0.9032)^2+(I8-0.8623)^2+(J8-0.7327)^2+(K8-0.4059)^2+(L8-0.3776)^2) -> 0.66329627 | P8: =IF(M8=MIN(M8:O8),"C1",IF(N8=MIN(M8:O8),"C2","C3")) -> C2 | R8: Tempat Ibadah | S8: 0.22915 | T8: 0.64 | U8: 0.90063846 | W8: 1.5513873 | X8: 0.53840131 | Y8: 0.66330217 | Z8: C2
A9: BABAKAN | B9: 0.7557 | C9: 0.2443 | D9: 0.2443 | E9: 0.2775 | F9: 0.4706 | G9: 0.7917 | H9: 0.6411 | I9: 0.5789 | J9: 0.8319 | K9: 0.4468 | L9: 0.0227 | M9: =SQRT((B9-0.8616)^2+(C9-0.1384)^2+(D9-0.1384)^2+(E9-0.4832)^2+(F9-0)^2+(G9-0.2291)^2+(H9-0.2273)^2+(I9-0.1316)^2+(J9-0.9349)^2+(K9-0.1595)^2+(L9-0.5341)^2) -> 1.1575526 | N9: =SQRT((B9-0.4834)^2+(C9-0.5166)^2+(D9-0.5166)^2+(E9-0.3009)^2+(F9-0.4141)^2+(G9-0.64)^2+(H9-0.688)^2+(I9-0.7368)^2+(J9-0.7395)^2+(K9-0.4025)^2+(L9-0.3464)^2) -> 0.62578633 | O9: =SQRT((B9-0.2075)^2+(C9-0.7925)^2+(D9-0.7925)^2+(E9-0.0897)^2+(F9-0.7602)^2+(G9-0.9006)^2+(H9-0.9032)^2+(I9-0.8623)^2+(J9-0.7327)^2+(K9-0.4059)^2+(L9-0.3776)^2) -> 1.148497 | P9: =IF(M9=MIN(M9:O9),"C1",IF(N9=MIN(M9:O9),"C2","C3")) -> C2 | R9: Toilet | S9: 0.22725 | T9: 0.688036 | U9: 0.90320769 | W9: 1.1575068 | X9: 0.6258345 | Y9: 1.1485019 | Z9: C2
A10: KARANGSEMBUNG | B10: 0.1773 | C10: 0.8227 | D10: 0.8227 | E10: 0.1155 | F10: 0.6471 | G10: 0.9167 | H10: 0.823 | I10: 0.8947 | J10: 0.7731 | K10: 0.4681 | L10: 0.0909 | M10: =SQRT((B10-0.8616)^2+(C10-0.1384)^2+(D10-0.1384)^2+(E10-0.4832)^2+(F10-0)^2+(G10-0.2291)^2+(H10-0.2273)^2+(I10-0.1316)^2+(J10-0.9349)^2+(K10-0.1595)^2+(L10-0.5341)^2) -> 1.9200402 | N10: =SQRT((B10-0.4834)^2+(C10-0.5166)^2+(D10-0.5166)^2+(E10-0.3009)^2+(F10-0.4141)^2+(G10-0.64)^2+(H10-0.688)^2+(I10-0.7368)^2+(J10-0.7395)^2+(K10-0.4025)^2+(L10-0.3464)^2) -> 0.74845618 | O10: =SQRT((B10-0.2075)^2+(C10-0.7925)^2+(D10-0.7925)^2+(E10-0.0897)^2+(F10-0.7602)^2+(G10-0.9006)^2+(H10-0.9032)^2+(I10-0.8623)^2+(J10-0.7327)^2+(K10-0.4059)^2+(L10-0.3776)^2) -> 0.33411416 | P10: =IF(M10=MIN(M10:O10),"C1",IF(N10=MIN(M10:O10),"C2","C3")) -> C3 | R10: UKS | S10: 0.1316 | T10: 0.736824 | U10: 0.86234615 | W10: 1.9199744 | X10: 0.74835447 | Y10: 0.33413644 | Z10: C3
A11: LEMAHABANG | B11: 0.519 | C11: 0.481 | D11: 0.481 | E11: 0.2123 | F11: 0.3529 | G11: 0.625 | H11: 0.622 | I11: 0.7368 | J11: 0.4748 | K11: 0.5106 | L11: 0.25 | M11: =SQRT((B11-0.8616)^2+(C11-0.1384)^2+(D11-0.1384)^2+(E11-0.4832)^2+(F11-0)^2+(G11-0.2291)^2+(H11-0.2273)^2+(I11-0.1316)^2+(J11-0.9349)^2+(K11-0.1595)^2+(L11-0.5341)^2) -> 1.2823874 | N11: =SQRT((B11-0.4834)^2+(C11-0.5166)^2+(D11-0.5166)^2+(E11-0.3009)^2+(F11-0.4141)^2+(G11-0.64)^2+(H11-0.688)^2+(I11-0.7368)^2+(J11-0.7395)^2+(K11-0.4025)^2+(L11-0.3464)^2) -> 0.33320135 | O11: =SQRT((B11-0.2075)^2+(C11-0.7925)^2+(D11-0.7925)^2+(E11-0.0897)^2+(F11-0.7602)^2+(G11-0.9006)^2+(H11-0.9032)^2+(I11-0.8623)^2+(J11-0.7327)^2+(K11-0.4059)^2+(L11-0.3776)^2) -> 0.85822847 | P11: =IF(M11=MIN(M11:O11),"C1",IF(N11=MIN(M11:O11),"C2","C3")) -> C2 | R11: Baik | S11: 0.9349 | T11: 0.7395 | U11: 0.73271538 | W11: 1.2823331 | X11: 0.33319209 | Y11: 0.85824657 | Z11: C2
A12: SUSUKANLEBAK | B12: 0.1618 | C12: 0.8382 | D12: 0.8382 | E12: 0.0838 | F12: 0.7059 | G12: 1 | H12: 0.933 | I12: 0.7895 | J12: 0.5798 | K12: 0.234 | L12: 0.1364 | M12: =SQRT((B12-0.8616)^2+(C12-0.1384)^2+(D12-0.1384)^2+(E12-0.4832)^2+(F12-0)^2+(G12-0.2291)^2+(H12-0.2273)^2+(I12-0.1316)^2+(J12-0.9349)^2+(K12-0.1595)^2+(L12-0.5341)^2) -> 1.9854265 | N12: =SQRT((B12-0.4834)^2+(C12-0.5166)^2+(D12-0.5166)^2+(E12-0.3009)^2+(F12-0.4141)^2+(G12-0.64)^2+(H12-0.688)^2+(I12-0.7368)^2+(J12-0.7395)^2+(K12-0.4025)^2+(L12-0.3464)^2) -> 0.85612964 | O12: =SQRT((B12-0.2075)^2+(C12-0.7925)^2+(D12-0.7925)^2+(E12-0.0897)^2+(F12-0.7602)^2+(G12-0.9006)^2+(H12-0.9032)^2+(I12-0.8623)^2+(J12-0.7327)^2+(K12-0.4059)^2+(L12-0.3776)^2) -> 0.36935413 | P12: =IF(M12=MIN(M12:O12),"C1",IF(N12=MIN(M12:O12),"C2","C3")) -> C3 | R12: Rusak Ringan | S12: 0.15955 | T12: 0.402548 | U12: 0.40588462 | W12: 1.9853702 | X12: 0.85604841 | Y12: 0.36937188 | Z12: C3
A13: SEDONG | B13: 0.2944 | C13: 0.7056 | D13: 0.7056 | E13: 0.1415 | F13: 0.4706 | G13: 0.6667 | H13: 0.7129 | I13: 0.6842 | J13: 0.7731 | K13: 0.3404 | L13: 0 | M13: =SQRT((B13-0.8616)^2+(C13-0.1384)^2+(D13-0.1384)^2+(E13-0.4832)^2+(F13-0)^2+(G13-0.2291)^2+(H13-0.2273)^2+(I13-0.1316)^2+(J13-0.9349)^2+(K13-0.1595)^2+(L13-0.5341)^2) -> 1.5427915 | N13: =SQRT((B13-0.4834)^2+(C13-0.5166)^2+(D13-0.5166)^2+(E13-0.3009)^2+(F13-0.4141)^2+(G13-0.64)^2+(H13-0.688)^2+(I13-0.7368)^2+(J13-0.7395)^2+(K13-0.4025)^2+(L13-0.3464)^2) -> 0.51462763 | O13: =SQRT((B13-0.2075)^2+(C13-0.7925)^2+(D13-0.7925)^2+(E13-0.0897)^2+(F13-0.7602)^2+(G13-0.9006)^2+(H13-0.9032)^2+(I13-0.8623)^2+(J13-0.7327)^2+(K13-0.4059)^2+(L13-0.3776)^2) -> 0.61672791 | P13: =IF(M13=MIN(M13:O13),"C1",IF(N13=MIN(M13:O13),"C2","C3")) -> C2 | R13: Rusak Berat | S13: 0.53405 | T13: 0.346368 | U13: 0.37762308 | W13: 1.5427258 | X13: 0.51454513 | Y13: 0.61676512 | Z13: C2
A14: ASTANAJAPURA | B14: 0.4155 | C14: 0.5845 | D14: 0.5845 | E14: 0.1937 | F14: 0.1765 | G14: 0.8333 | H14: 0.7656 | I14: 0.8421 | J14: 0.9328 | K14: 0 | L14: 0.0682 | M14: =SQRT((B14-0.8616)^2+(C14-0.1384)^2+(D14-0.1384)^2+(E14-0.4832)^2+(F14-0)^2+(G14-0.2291)^2+(H14-0.2273)^2+(I14-0.1316)^2+(J14-0.9349)^2+(K14-0.1595)^2+(L14-0.5341)^2) -> 1.4540015 | N14: =SQRT((B14-0.4834)^2+(C14-0.5166)^2+(D14-0.5166)^2+(E14-0.3009)^2+(F14-0.4141)^2+(G14-0.64)^2+(H14-0.688)^2+(I14-0.7368)^2+(J14-0.7395)^2+(K14-0.4025)^2+(L14-0.3464)^2) -> 0.64266473 | O14: =SQRT((B14-0.2075)^2+(C14-0.7925)^2+(D14-0.7925)^2+(E14-0.0897)^2+(F14-0.7602)^2+(G14-0.9006)^2+(H14-0.9032)^2+(I14-0.8623)^2+(J14-0.7327)^2+(K14-0.4059)^2+(L14-0.3776)^2) -> 0.89761237 | P14: =IF(M14=MIN(M14:O14),"C1",IF(N14=MIN(M14:O14),"C2","C3")) -> C2 | W14: 1.4539526 | X14: 0.64265818 | Y14: 0.89760702 | Z14: C2
A15: PANGENAN | B15: 0.1612 | C15: 0.8388 | D15: 0.8388 | E15: 0.0484 | F15: 0.8235 | G15: 0.9583 | H15: 0.9809 | I15: 0.8947 | J15: 0.7773 | K15: 0.234 | L15: 0.9318 | M15: =SQRT((B15-0.8616)^2+(C15-0.1384)^2+(D15-0.1384)^2+(E15-0.4832)^2+(F15-0)^2+(G15-0.2291)^2+(H15-0.2273)^2+(I15-0.1316)^2+(J15-0.9349)^2+(K15-0.1595)^2+(L15-0.5341)^2) -> 2.0516833 | N15: =SQRT((B15-0.4834)^2+(C15-0.5166)^2+(D15-0.5166)^2+(E15-0.3009)^2+(F15-0.4141)^2+(G15-0.64)^2+(H15-0.688)^2+(I15-0.7368)^2+(J15-0.7395)^2+(K15-0.4025)^2+(L15-0.3464)^2) -> 1.0617698 | O15: =SQRT((B15-0.2075)^2+(C15-0.7925)^2+(D15-0.7925)^2+(E15-0.0897)^2+(F15-0.7602)^2+(G15-0.9006)^2+(H15-0.9032)^2+(I15-0.8623)^2+(J15-0.7327)^2+(K15-0.4059)^2+(L15-0.3776)^2) -> 0.60102945 | P15: =IF(M15=MIN(M15:O15),"C1",IF(N15=MIN(M15:O15),"C2","C3")) -> C3 | R15: C1 | W15: 2.0516511 | X15: 1.0617206 | Y15: 0.60099743 | Z15: C3
A16: MUNDU | B16: 0.5885 | C16: 0.4115 | D16: 0.4115 | E16: 0.2197 | F16: 0.4118 | G16: 0.625 | H16: 0.7943 | I16: 0.8947 | J16: 0.9118 | K16: 0.2979 | L16: 0.5682 | M16: =SQRT((B16-0.8616)^2+(C16-0.1384)^2+(D16-0.1384)^2+(E16-0.4832)^2+(F16-0)^2+(G16-0.2291)^2+(H16-0.2273)^2+(I16-0.1316)^2+(J16-0.9349)^2+(K16-0.1595)^2+(L16-0.5341)^2) -> 1.2426426 | N16: =SQRT((B16-0.4834)^2+(C16-0.5166)^2+(D16-0.5166)^2+(E16-0.3009)^2+(F16-0.4141)^2+(G16-0.64)^2+(H16-0.688)^2+(I16-0.7368)^2+(J16-0.7395)^2+(K16-0.4025)^2+(L16-0.3464)^2) -> 0.40745251 | O16: =SQRT((B16-0.2075)^2+(C16-0.7925)^2+(D16-0.7925)^2+(E16-0.0897)^2+(F16-0.7602)^2+(G16-0.9006)^2+(H16-0.9032)^2+(I16-0.8623)^2+(J16-0.7327)^2+(K16-0.4059)^2+(L16-0.3776)^2) -> 0.8617999 | P16: =IF(M16=MIN(M16:O16),"C1",IF(N16=MIN(M16:O16),"C2","C3")) -> C2 | R16: C2 | W16: 1.242623 | X16: 0.40749286 | Y16: 0.86178428 | Z16: C2
A17: BEBER | B17: 0.3626 | C17: 0.6374 | D17: 0.6374 | E17: 0.1248 | F17: 0.5294 | G17: 0.4167 | H17: 0.6842 | I17: 0.6842 | J17: 0.8529 | K17: 0.1277 | L17: 0.4773 | M17: =SQRT((B17-0.8616)^2+(C17-0.1384)^2+(D17-0.1384)^2+(E17-0.4832)^2+(F17-0)^2+(G17-0.2291)^2+(H17-0.2273)^2+(I17-0.1316)^2+(J17-0.9349)^2+(K17-0.1595)^2+(L17-0.5341)^2) -> 1.3099609 | N17: =SQRT((B17-0.4834)^2+(C17-0.5166)^2+(D17-0.5166)^2+(E17-0.3009)^2+(F17-0.4141)^2+(G17-0.64)^2+(H17-0.688)^2+(I17-0.7368)^2+(J17-0.7395)^2+(K17-0.4025)^2+(L17-0.3464)^2) -> 0.49622245 | O17: =SQRT((B17-0.2075)^2+(C17-0.7925)^2+(D17-0.7925)^2+(E17-0.0897)^2+(F17-0.7602)^2+(G17-0.9006)^2+(H17-0.9032)^2+(I17-0.8623)^2+(J17-0.7327)^2+(K17-0.4059)^2+(L17-0.3776)^2) -> 0.73640469 | P17: =IF(M17=MIN(M17:O17),"C1",IF(N17=MIN(M17:O17),"C2","C3")) -> C2 | R17: C3 | W17: 1.3099268 | X17: 0.49620641 | Y17: 0.73642335 | Z17: C2
A18: TALUN | B18: 0.4563 | C18: 0.5437 | D18: 0.5437 | E18: 0.2626 | F18: 0.2353 | G18: 0.4583 | H18: 0.5885 | I18: 0.5789 | J18: 0.7269 | K18: 0.383 | L18: 0.4318 | M18: =SQRT((B18-0.8616)^2+(C18-0.1384)^2+(D18-0.1384)^2+(E18-0.4832)^2+(F18-0)^2+(G18-0.2291)^2+(H18-0.2273)^2+(I18-0.1316)^2+(J18-0.9349)^2+(K18-0.1595)^2+(L18-0.5341)^2) -> 1.0409571 | N18: =SQRT((B18-0.4834)^2+(C18-0.5166)^2+(D18-0.5166)^2+(E18-0.3009)^2+(F18-0.4141)^2+(G18-0.64)^2+(H18-0.688)^2+(I18-0.7368)^2+(J18-0.7395)^2+(K18-0.4025)^2+(L18-0.3464)^2) -> 0.33364544 | O18: =SQRT((B18-0.2075)^2+(C18-0.7925)^2+(D18-0.7925)^2+(E18-0.0897)^2+(F18-0.7602)^2+(G18-0.9006)^2+(H18-0.9032)^2+(I18-0.8623)^2+(J18-0.7327)^2+(K18-0.4059)^2+(L18-0.3776)^2) -> 0.93252098 | P18: =IF(M18=MIN(M18:O18),"C1",IF(N18=MIN(M18:O18),"C2","C3")) -> C2 | W18: 1.0409 | X18: 0.33367298 | Y18: 0.93254618 | Z18: C2
A19: SUMBER | B19: 1 | C19: 0 | D19: 0 | E19: 0.5922 | F19: 0 | G19: 0 | H19: 0 | I19: 0 | J19: 0.9748 | K19: 0.234 | L19: 0.4545 | M19: =SQRT((B19-0.8616)^2+(C19-0.1384)^2+(D19-0.1384)^2+(E19-0.4832)^2+(F19-0)^2+(G19-0.2291)^2+(H19-0.2273)^2+(I19-0.1316)^2+(J19-0.9349)^2+(K19-0.1595)^2+(L19-0.5341)^2) -> 0.45198867 | N19: =SQRT((B19-0.4834)^2+(C19-0.5166)^2+(D19-0.5166)^2+(E19-0.3009)^2+(F19-0.4141)^2+(G19-0.64)^2+(H19-0.688)^2+(I19-0.7368)^2+(J19-0.7395)^2+(K19-0.4025)^2+(L19-0.3464)^2) -> 1.6056847 | O19: =SQRT((B19-0.2075)^2+(C19-0.7925)^2+(D19-0.7925)^2+(E19-0.0897)^2+(F19-0.7602)^2+(G19-0.9006)^2+(H19-0.9032)^2+(I19-0.8623)^2+(J19-0.7327)^2+(K19-0.4059)^2+(L19-0.3776)^2) -> 2.2757563 | P19: =IF(M19=MIN(M19:O19),"C1",IF(N19=MIN(M19:O19),"C2","C3")) -> C1 | W19: 0.45200572 | X19: 1.6057771 | Y19: 2.2757775 | Z19: C1
A20: DUKUPUNTANG | B20: 0.3235 | C20: 0.6765 | D20: 0.6765 | E20: 1 | F20: 0.2941 | G20: 0.3333 | H20: 0.6077 | I20: 0.8421 | J20: 0.8235 | K20: 0.2979 | L20: 0.5227 | M20: =SQRT((B20-0.8616)^2+(C20-0.1384)^2+(D20-0.1384)^2+(E20-0.4832)^2+(F20-0)^2+(G20-0.2291)^2+(H20-0.2273)^2+(I20-0.1316)^2+(J20-0.9349)^2+(K20-0.1595)^2+(L20-0.5341)^2) -> 1.3835817 | N20: =SQRT((B20-0.4834)^2+(C20-0.5166)^2+(D20-0.5166)^2+(E20-0.3009)^2+(F20-0.4141)^2+(G20-0.64)^2+(H20-0.688)^2+(I20-0.7368)^2+(J20-0.7395)^2+(K20-0.4025)^2+(L20-0.3464)^2) -> 0.86053748 | O20: =SQRT((B20-0.2075)^2+(C20-0.7925)^2+(D20-0.7925)^2+(E20-0.0897)^2+(F20-0.7602)^2+(G20-0.9006)^2+(H20-0.9032)^2+(I20-0.8623)^2+(J20-0.7327)^2+(K20-0.4059)^2+(L20-0.3776)^2) -> 1.2396707 | P20: =IF(M20=MIN(M20:O20),"C1",IF(N20=MIN(M20:O20),"C2","C3")) -> C2 | W20: 1.3835093 | X20: 0.86055883 | Y20: 1.2396984 | Z20: C2
A21: PALIMANAN | B21: 0.601 | C21: 0.399 | D21: 0.399 | E21: 0.2831 | F21: 0.4118 | G21: 0.5833 | H21: 0.689 | I21: 0.7895 | J21: 0.9286 | K21: 0.4468 | L21: 0.4318 | M21: =SQRT((B21-0.8616)^2+(C21-0.1384)^2+(D21-0.1384)^2+(E21-0.4832)^2+(F21-0)^2+(G21-0.2291)^2+(H21-0.2273)^2+(I21-0.1316)^2+(J21-0.9349)^2+(K21-0.1595)^2+(L21-0.5341)^2) -> 1.1304245 | N21: =SQRT((B21-0.4834)^2+(C21-0.5166)^2+(D21-0.5166)^2+(E21-0.3009)^2+(F21-0.4141)^2+(G21-0.64)^2+(H21-0.688)^2+(I21-0.7368)^2+(J21-0.7395)^2+(K21-0.4025)^2+(L21-0.3464)^2) -> 0.30466219 | O21: =SQRT((B21-0.2075)^2+(C21-0.7925)^2+(D21-0.7925)^2+(E21-0.0897)^2+(F21-0.7602)^2+(G21-0.9006)^2+(H21-0.9032)^2+(I21-0.8623)^2+(J21-0.7327)^2+(K21-0.4059)^2+(L21-0.3776)^2) -> 0.90452247 | P21: =IF(M21=MIN(M21:O21),"C1",IF(N21=MIN(M21:O21),"C2","C3")) -> C2 | W21: 1.1303863 | X21: 0.30471333 | Y21: 0.90452234 | Z21: C2
A22: PLUMBON | B22: 0.7231 | C22: 0.2769 | D22: 0.2769 | E22: 0.3743 | F22: 0 | G22: 0.4583 | H22: 0.4545 | I22: 0.2632 | J22: 0.895 | K22: 0.0851 | L22: 0.6136 | M22: =SQRT((B22-0.8616)^2+(C22-0.1384)^2+(D22-0.1384)^2+(E22-0.4832)^2+(F22-0)^2+(G22-0.2291)^2+(H22-0.2273)^2+(I22-0.1316)^2+(J22-0.9349)^2+(K22-0.1595)^2+(L22-0.5341)^2) -> 0.45202281 | N22: =SQRT((B22-0.4834)^2+(C22-0.5166)^2+(D22-0.5166)^2+(E22-0.3009)^2+(F22-0.4141)^2+(G22-0.64)^2+(H22-0.688)^2+(I22-0.7368)^2+(J22-0.7395)^2+(K22-0.4025)^2+(L22-0.3464)^2) -> 0.92595226 | O22: =SQRT((B22-0.2075)^2+(C22-0.7925)^2+(D22-0.7925)^2+(E22-0.0897)^2+(F22-0.7602)^2+(G22-0.9006)^2+(H22-0.9032)^2+(I22-0.8623)^2+(J22-0.7327)^2+(K22-0.4059)^2+(L22-0.3776)^2) -> 1.5483097 | P22: =IF(M22=MIN(M22:O22),"C1",IF(N22=MIN(M22:O22),"C2","C3")) -> C1 | W22: 0.45200572 | X22: 0.9260487 | Y22: 1.5483214 | Z22: C1
A23: WERU | B23: 0.5935 | C23: 0.4065 | D23: 0.4065 | E23: 0.2272 | F23: 0.2941 | G23: 0.4583 | H23: 0.6507 | I23: 0.5263 | J23: 0.5504 | K23: 0.5957 | L23: 0.5455 | M23: =SQRT((B23-0.8616)^2+(C23-0.1384)^2+(D23-0.1384)^2+(E23-0.4832)^2+(F23-0)^2+(G23-0.2291)^2+(H23-0.2273)^2+(I23-0.1316)^2+(J23-0.9349)^2+(K23-0.1595)^2+(L23-0.5341)^2) -> 1.045702 | N23: =SQRT((B23-0.4834)^2+(C23-0.5166)^2+(D23-0.5166)^2+(E23-0.3009)^2+(F23-0.4141)^2+(G23-0.64)^2+(H23-0.688)^2+(I23-0.7368)^2+(J23-0.7395)^2+(K23-0.4025)^2+(L23-0.3464)^2) -> 0.49763441 | O23: =SQRT((B23-0.2075)^2+(C23-0.7925)^2+(D23-0.7925)^2+(E23-0.0897)^2+(F23-0.7602)^2+(G23-0.9006)^2+(H23-0.9032)^2+(I23-0.8623)^2+(J23-0.7327)^2+(K23-0.4059)^2+(L23-0.3776)^2) -> 1.0737191 | P23: =IF(M23=MIN(M23:O23),"C1",IF(N23=MIN(M23:O23),"C2","C3")) -> C2 | W23: 1.0456647 | X23: 0.4976722 | Y23: 1.0737393 | Z23: C2
A24: KEDAWUNG | B24: 0.2152 | C24: 0.7848 | D24: 0.7848 | E24: 0.1806 | F24: 0.4706 | G24: 0.5417 | H24: 0.5359 | I24: 0.5263 | J24: 0 | K24: 0.4255 | L24: 0.4773 | M24: =SQRT((B24-0.8616)^2+(C24-0.1384)^2+(D24-0.1384)^2+(E24-0.4832)^2+(F24-0)^2+(G24-0.2291)^2+(H24-0.2273)^2+(I24-0.1316)^2+(J24-0.9349)^2+(K24-0.1595)^2+(L24-0.5341)^2) -> 1.6921262 | N24: =SQRT((B24-0.4834)^2+(C24-0.5166)^2+(D24-0.5166)^2+(E24-0.3009)^2+(F24-0.4141)^2+(G24-0.64)^2+(H24-0.688)^2+(I24-0.7368)^2+(J24-0.7395)^2+(K24-0.4025)^2+(L24-0.3464)^2) -> 0.93546228 | O24: =SQRT((B24-0.2075)^2+(C24-0.7925)^2+(D24-0.7925)^2+(E24-0.0897)^2+(F24-0.7602)^2+(G24-0.9006)^2+(H24-0.9032)^2+(I24-0.8623)^2+(J24-0.7327)^2+(K24-0.4059)^2+(L24-0.3776)^2) -> 1.0080163 | P24: =IF(M24=MIN(M24:O24),"C1",IF(N24=MIN(M24:O24),"C2","C3")) -> C2 | W24: 1.6920682 | X24: 0.9354292 | Y24: 1.0080591 | Z24: C2
A25: GUNUNGJATI | B25: 0.4817 | C25: 0.5183 | D25: 0.5183 | E25: 0.2961 | F25: 0.3529 | G25: 0.375 | H25: 0.5789 | I25: 0.6842 | J25: 0.8319 | K25: 1 | L25: 0.5455 | M25: =SQRT((B25-0.8616)^2+(C25-0.1384)^2+(D25-0.1384)^2+(E25-0.4832)^2+(F25-0)^2+(G25-0.2291)^2+(H25-0.2273)^2+(I25-0.1316)^2+(J25-0.9349)^2+(K25-0.1595)^2+(L25-0.5341)^2) -> 1.3266394 | N25: =SQRT((B25-0.4834)^2+(C25-0.5166)^2+(D25-0.5166)^2+(E25-0.3009)^2+(F25-0.4141)^2+(G25-0.64)^2+(H25-0.688)^2+(I25-0.7368)^2+(J25-0.7395)^2+(K25-0.4025)^2+(L25-0.3464)^2) -> 0.70274927 | O25: =SQRT((B25-0.2075)^2+(C25-0.7925)^2+(D25-0.7925)^2+(E25-0.0897)^2+(F25-0.7602)^2+(G25-0.9006)^2+(H25-0.9032)^2+(I25-0.8623)^2+(J25-0.7327)^2+(K25-0.4059)^2+(L25-0.3776)^2) -> 1.1127365 | P25: =IF(M25=MIN(M25:O25),"C1",IF(N25=MIN(M25:O25),"C2","C3")) -> C2 | W25: 1.32658 | X25: 0.70272604 | Y25: 1.1127606 | Z25: C2
A26: KAPETAKAN | B26: 0.5291 | C26: 0.4709 | D26: 0.4709 | E26: 0.2197 | F26: 0.4706 | G26: 0.8333 | H26: 0.9282 | I26: 0.8947 | J26: 0.6513 | K26: 0.7872 | L26: 0.5909 | M26: =SQRT((B26-0.8616)^2+(C26-0.1384)^2+(D26-0.1384)^2+(E26-0.4832)^2+(F26-0)^2+(G26-0.2291)^2+(H26-0.2273)^2+(I26-0.1316)^2+(J26-0.9349)^2+(K26-0.1595)^2+(L26-0.5341)^2) -> 1.5933825 | N26: =SQRT((B26-0.4834)^2+(C26-0.5166)^2+(D26-0.5166)^2+(E26-0.3009)^2+(F26-0.4141)^2+(G26-0.64)^2+(H26-0.688)^2+(I26-0.7368)^2+(J26-0.7395)^2+(K26-0.4025)^2+(L26-0.3464)^2) -> 0.59295706 | O26: =SQRT((B26-0.2075)^2+(C26-0.7925)^2+(D26-0.7925)^2+(E26-0.0897)^2+(F26-0.7602)^2+(G26-0.9006)^2+(H26-0.9032)^2+(I26-0.8623)^2+(J26-0.7327)^2+(K26-0.4059)^2+(L26-0.3776)^2) -> 0.78406915 | P26: =IF(M26=MIN(M26:O26),"C1",IF(N26=MIN(M26:O26),"C2","C3")) -> C2 | W26: 1.5933446 | X26: 0.59292187 | Y26: 0.784058 | Z26: C2
A27: KLANGENAN | B27: 0.4734 | C27: 0.5266 | D27: 0.5266 | E27: 0.1955 | F27: 0.4706 | G27: 0.7917 | H27: 0.7943 | I27: 0.6842 | J27: 0.4454 | K27: 0.8085 | L27: 0.1818 | M27: =SQRT((B27-0.8616)^2+(C27-0.1384)^2+(D27-0.1384)^2+(E27-0.4832)^2+(F27-0)^2+(G27-0.2291)^2+(H27-0.2273)^2+(I27-0.1316)^2+(J27-0.9349)^2+(K27-0.1595)^2+(L27-0.5341)^2) -> 1.5762723 | N27: =SQRT((B27-0.4834)^2+(C27-0.5166)^2+(D27-0.5166)^2+(E27-0.3009)^2+(F27-0.4141)^2+(G27-0.64)^2+(H27-0.688)^2+(I27-0.7368)^2+(J27-0.7395)^2+(K27-0.4025)^2+(L27-0.3464)^2) -> 0.5745474 | O27: =SQRT((B27-0.2075)^2+(C27-0.7925)^2+(D27-0.7925)^2+(E27-0.0897)^2+(F27-0.7602)^2+(G27-0.9006)^2+(H27-0.9032)^2+(I27-0.8623)^2+(J27-0.7327)^2+(K27-0.4059)^2+(L27-0.3776)^2) -> 0.80347617 | P27: =IF(M27=MIN(M27:O27),"C1",IF(N27=MIN(M27:O27),"C2","C3")) -> C2 | W27: 1.5762129 | X27: 0.57448805 | Y27: 0.80349925 | Z27: C2
A28: ARJAWINANGUN | B28: 0.7304 | C28: 0.2696 | D28: 0.2696 | E28: 0.352 | F28: 0 | G28: 0.6667 | H28: 0.5263 | I28: 0.4211 | J28: 0.6513 | K28: 0.383 | L28: 0.3409 | M28: =SQRT((B28-0.8616)^2+(C28-0.1384)^2+(D28-0.1384)^2+(E28-0.4832)^2+(F28-0)^2+(G28-0.2291)^2+(H28-0.2273)^2+(I28-0.1316)^2+(J28-0.9349)^2+(K28-0.1595)^2+(L28-0.5341)^2) -> 0.77541358 | N28: =SQRT((B28-0.4834)^2+(C28-0.5166)^2+(D28-0.5166)^2+(E28-0.3009)^2+(F28-0.4141)^2+(G28-0.64)^2+(H28-0.688)^2+(I28-0.7368)^2+(J28-0.7395)^2+(K28-0.4025)^2+(L28-0.3464)^2) -> 0.70130808 | O28: =SQRT((B28-0.2075)^2+(C28-0.7925)^2+(D28-0.7925)^2+(E28-0.0897)^2+(F28-0.7602)^2+(G28-0.9006)^2+(H28-0.9032)^2+(I28-0.8623)^2+(J28-0.7327)^2+(K28-0.4059)^2+(L28-0.3776)^2) -> 1.3663441 | P28: =IF(M28=MIN(M28:O28),"C1",IF(N28=MIN(M28:O28),"C2","C3")) -> C2 | W28: 0.77536086 | X28: 0.70139372 | Y28: 1.3663557 | Z28: C2
A29: PANGURAGAN | B29: 0.1996 | C29: 0.8004 | D29: 0.8004 | E29: 0.1024 | F29: 0.7059 | G29: 0.875 | H29: 0.8804 | I29: 0.8947 | J29: 0.6807 | K29: 0.4681 | L29: 0.2273 | M29: =SQRT((B29-0.8616)^2+(C29-0.1384)^2+(D29-0.1384)^2+(E29-0.4832)^2+(F29-0)^2+(G29-0.2291)^2+(H29-0.2273)^2+(I29-0.1316)^2+(J29-0.9349)^2+(K29-0.1595)^2+(L29-0.5341)^2) -> 1.9073703 | N29: =SQRT((B29-0.4834)^2+(C29-0.5166)^2+(D29-0.5166)^2+(E29-0.3009)^2+(F29-0.4141)^2+(G29-0.64)^2+(H29-0.688)^2+(I29-0.7368)^2+(J29-0.7395)^2+(K29-0.4025)^2+(L29-0.3464)^2) -> 0.71084287 | O29: =SQRT((B29-0.2075)^2+(C29-0.7925)^2+(D29-0.7925)^2+(E29-0.0897)^2+(F29-0.7602)^2+(G29-0.9006)^2+(H29-0.9032)^2+(I29-0.8623)^2+(J29-0.7327)^2+(K29-0.4059)^2+(L29-0.3776)^2) -> 0.18623883 | P29: =IF(M29=MIN(M29:O29),"C1",IF(N29=MIN(M29:O29),"C2","C3")) -> C3 | W29: 1.9073122 | X29: 0.71074114 | Y29: 0.18626863 | Z29: C3
... A44: JAMBLANG | B44: 0.1843 | C44: 0.8157 | D44: 0.8157 | E44: 0.1322 | F44: 0.3529 | G44: 0.7917 | H44: 0.6986 | I44: 0.7368 | J44: 0.9328 | K44: 0.3404 | L44: 0.2273 | M44: =SQRT((B44-0.8616)^2+(C44-0.1384)^2+(D44-0.1384)^2+(E44-0.4832)^2+(F44-0)^2+(G44-0.2291)^2+(H44-0.2273)^2+(I44-0.1316)^2+(J44-0.9349)^2+(K44-0.1595)^2+(L44-0.5341)^2) -> 1.629635 | N44: =SQRT((B44-0.4834)^2+(C44-0.5166)^2+(D44-0.5166)^2+(E44-0.3009)^2+(F44-0.4141)^2+(G44-0.64)^2+(H44-0.688)^2+(I44-0.7368)^2+(J44-0.7395)^2+(K44-0.4025)^2+(L44-0.3464)^2) -> 0.61572634 | O44: =SQRT((B44-0.2075)^2+(C44-0.7925)^2+(D44-0.7925)^2+(E44-0.0897)^2+(F44-0.7602)^2+(G44-0.9006)^2+(H44-0.9032)^2+(I44-0.8623)^2+(J44-0.7327)^2+(K44-0.4059)^2+(L44-0.3776)^2) -> 0.55290617 | P44: =IF(M44=MIN(M44:O44),"C1",IF(N44=MIN(M44:O44),"C2","C3")) -> C3 | W44: 1.6295657 | X44: 0.61564545 | Y44: 0.55292966 | Z44: C3

Sheet Cek Rumus Centroid Iterasi 2
A1: RUMUS CENTROID ITERASI 2 (REPRODUKSI)
A3: Variabel | B3: Rumus C1 | C3: Rumus C2 | D3: Rumus C3
A4: Jumlah Siswa | B4: =AVERAGEIF('Anggota Iterasi 2'!$M$2:$M$41,"C1",'Anggota Iterasi 2'!$B$2:$B$41) -> 0.86155 | C4: =AVERAGEIF('Anggota Iterasi 2'!$M$2:$M$41,"C2",'Anggota Iterasi 2'!$B$2:$B$41) -> 0.483352 | D4: =AVERAGEIF('Anggota Iterasi 2'!$M$2:$M$41,"C3",'Anggota Iterasi 2'!$B$2:$B$41) -> 0.20751538
A5: Total BOS | B5: =AVERAGEIF('Anggota Iterasi 2'!$M$2:$M$41,"C1",'Anggota Iterasi 2'!$C$2:$C$41) -> 0.13845 | C5: =AVERAGEIF('Anggota Iterasi 2'!$M$2:$M$41,"C2",'Anggota Iterasi 2'!$C$2:$C$41) -> 0.516648 | D5: =AVERAGEIF('Anggota Iterasi 2'!$M$2:$M$41,"C3",'Anggota Iterasi 2'!$C$2:$C$41) -> 0.79248462
A6: Dana Sarpas | B6: =AVERAGEIF('Anggota Iterasi 2'!$M$2:$M$41,"C1",'Anggota Iterasi 2'!$D$2:$D$41) -> 0.13845 | C6: =AVERAGEIF('Anggota Iterasi 2'!$M$2:$M$41,"C2",'Anggota Iterasi 2'!$D$2:$D$41) -> 0.516648 | D6: =AVERAGEIF('Anggota Iterasi 2'!$M$2:$M$41,"C3",'Anggota Iterasi 2'!$D$2:$D$41) -> 0.79248462
A7: Rombel | B7: =AVERAGEIF('Anggota Iterasi 2'!$M$2:$M$41,"C1",'Anggota Iterasi 2'!$E$2:$E$41) -> 0.48325 | C7: =AVERAGEIF('Anggota Iterasi 2'!$M$2:$M$41,"C2",'Anggota Iterasi 2'!$E$2:$E$41) -> 0.30086 | D7: =AVERAGEIF('Anggota Iterasi 2'!$M$2:$M$41,"C3",'Anggota Iterasi 2'!$E$2:$E$41) -> 0.089676923
